constituency,properties,mean_price,median_price,total_value,implied_surcharge,share,allocated_revenue
Cities of London and Westminster,767,9474492.0,4428157.0,7266935469.0,4120500,0.10487134458272887,41948538.0
Kensington and Bayswater,589,5721382.0,3487174.0,3369893735.0,2889500,0.07354101448168791,29416406.0
Chelsea and Fulham,393,4536777.0,3249161.0,1782953299.0,1757000,0.04471761981115268,17887048.0
Hampstead and Highgate,262,4475093.0,3321118.0,1172474248.0,1174500,0.029892341757654425,11956937.0
Richmond Park,167,3823878.0,2989006.0,638587614.0,692000,0.01761217581634471,7044870.0
Battersea,154,4173695.0,2809112.0,642748972.0,629500,0.01602148074622687,6408592.0
Islington South and Finsbury,149,5329841.0,2933654.0,794146315.0,603000,0.015347026036496908,6138810.0
Holborn and St Pancras,149,7021823.0,3487174.0,1046251691.0,725000,0.018452062813366928,7380825.0
Hammersmith and Chiswick,131,5650821.0,2878302.0,740257571.0,537000,0.01366725204245247,5466901.0
Finchley and Golders Green,118,4968771.0,3254696.0,586314962.0,547500,0.013934488814232267,5573796.0
Runnymede and Weybridge,104,5031794.0,3625554.0,523306599.0,493000,0.012547402713089512,5018961.0
Wimbledon,99,3894671.0,3044358.0,385572448.0,426500,0.010854903158484131,4341961.0
Ealing Central and Acton,92,4571544.0,2733612.0,420582018.0,356500,0.009073324679952153,3629330.0
Queen's Park and Maida Vale,92,4206792.0,2770366.0,387024835.0,367000,0.00934056145173195,3736225.0
Windsor,84,5658566.0,3336063.0,475319562.0,391500,0.009964113919218141,3985646.0
Esher and Walton,81,3069623.0,2800810.0,248639433.0,302500,0.007698964139370339,3079586.0
Dulwich and West Norwood,61,3371969.0,2767598.0,205690101.0,224000,0.005701051131302334,2280420.0
Harpenden and Berkhamsted,60,2978664.0,2538995.0,178719821.0,201000,0.005115675345498969,2046270.0
Hornsey and Friern Barnet,60,2559106.0,2477001.0,153546359.0,177500,0.004517573999134662,1807030.0
Chesham and Amersham,60,2905291.0,2601542.0,174317471.0,211000,0.005370186556717824,2148075.0
Twickenham,60,3564982.0,2709479.0,213898919.0,224000,0.005701051131302334,2280420.0
Tooting,59,3533210.0,2989228.0,208459368.0,243000,0.0061846224326181564,2473849.0
Beaconsfield,57,3871330.0,2767598.0,220665794.0,229500,0.005841032297472704,2336413.0
Putney,54,3164751.0,2670732.0,170896544.0,201500,0.005128400906059912,2051360.0
Islington North,51,3070543.0,2490839.0,156597692.0,182000,0.0046321040441831465,1852842.0
Hackney South and Shoreditch,50,5169665.0,2880184.0,258483230.0,206000,0.005242930951108397,2097172.0
North Cotswolds,48,3507002.0,2944725.0,168336106.0,195500,0.0049756941793286,1990278.0
Hertsmere,46,4963235.0,3265766.0,228308791.0,212500,0.005408363238400652,2163345.0
Maidenhead,45,4790051.0,3020003.0,215552287.0,200000,0.005090224224377084,2036090.0
Oxford West and Abingdon,43,5067241.0,3431822.0,217891356.0,198000,0.005039321982133313,2015729.0
South West Hertfordshire,42,3428171.0,2662430.0,143983200.0,158000,0.004021277137257896,1608511.0
Bath,41,4205607.0,3132921.0,172429867.0,160000,0.004072179379501667,1628872.0
Godalming and Ash,41,4450933.0,3127386.0,182488248.0,174500,0.004441220635769005,1776488.0
Bermondsey and Old Southwark,40,8270360.0,3085872.0,330814404.0,190000,0.00483571301315823,1934285.0
Clapham and Brixton Hill,40,3135838.0,2554493.0,125433536.0,138500,0.0035249802753811307,1409992.0
Guildford,39,3382120.0,2765384.0,131902684.0,146000,0.003715863683795271,1486345.0
Epping Forest,38,4668150.0,2795274.0,177389711.0,156500,0.003983100455575068,1593240.0
Tatton,38,3933113.0,3083105.0,149458301.0,160500,0.00408490494006261,1633962.0
Arundel and South Downs,37,3387051.0,2767598.0,125320901.0,136500,0.00347407803313736,1389631.0
Reigate,37,3826248.0,2767598.0,141571165.0,145000,0.003690412562673386,1476165.0
Vauxhall and Camberwell Green,35,8169081.0,3298977.0,285917830.0,164500,0.004186709424550151,1674684.0
Brentwood and Ongar,35,3362455.0,2712246.0,117685908.0,130000,0.0033086457458451047,1323458.0
Banbury,35,8372654.0,3321118.0,293042906.0,171000,0.0043521417118424065,1740857.0
Henley and Thame,35,5821043.0,2712246.0,203736492.0,131500,0.0033468224275279325,1338729.0
Sevenoaks,35,5139552.0,2933654.0,179884308.0,139000,0.0035377058359420733,1415082.0
Winchester,35,3652534.0,2679035.0,127838691.0,131000,0.00333409686696699,1333639.0
Poole,34,4023305.0,3044358.0,136792370.0,156000,0.003970374895014126,1588150.0
Manchester Central,32,10599951.0,7998359.0,339198423.0,199000,0.0050647731032551985,2025909.0
Greenwich and Woolwich,31,7582772.0,2966865.0,235065924.0,143000,0.003639510320429615,1455804.0
Farnham and Bordon,31,3229522.0,2723317.0,100115185.0,114000,0.002901427807894938,1160571.0
Bromley and Biggin Hill,31,4139434.0,2878302.0,128322467.0,127500,0.0032450179430403908,1298007.0
Newbury,29,5327210.0,3210414.0,154489100.0,128000,0.003257743503601334,1303097.0
Wycombe,29,4730066.0,3376470.0,137171919.0,130500,0.0033213713064060473,1328549.0
Hove and Portslade,29,3526081.0,2551462.0,102256344.0,105500,0.002685093278358912,1074037.0
East Hampshire,28,5102066.0,3376470.0,142857852.0,130500,0.0033213713064060473,1328549.0
New Forest East,28,8331351.0,2878302.0,233277830.0,118500,0.003015957852943422,1206383.0
Woking,28,4118167.0,2864464.0,115308666.0,107500,0.0027359955206026827,1094398.0
Cambridge,28,5191817.0,3243625.0,145370874.0,118000,0.0030032322923824795,1201293.0
Reading Central,28,5459828.0,6543928.0,152875189.0,176000,0.0044793973174518335,1791759.0
Chipping Barnet,27,5718519.0,2878302.0,154400011.0,115500,0.002939604489577766,1175842.0
Bristol Central,26,8535605.0,3296210.0,221925739.0,123000,0.0031304878979919065,1252195.0
St Albans,26,4328110.0,2670732.0,112530872.0,102000,0.0025960143544323127,1038406.0
Poplar and Limehouse,26,26661731.0,4372805.0,693205006.0,134500,0.003423175790893589,1369270.0
Southgate and Wood Green,26,3807314.0,2989006.0,98990164.0,109000,0.0027741722022855105,1109669.0
Chichester,25,3750641.0,3068713.0,93766036.0,105000,0.002672367717797969,1068947.0
South Cotswolds,24,3310094.0,2795274.0,79442256.0,91500,0.002328777582652516,931511.0
Birmingham Ladywood,24,13097214.0,9376264.0,314333126.0,153500,0.0039067470922094115,1562699.0
Brent East,24,4417917.0,2947492.0,106030016.0,100000,0.002545112112188542,1018045.0
Hendon,24,4368118.0,2928119.0,104834832.0,107000,0.0027232699600417396,1089308.0
East Grinstead and Uckfield,24,3777466.0,2739922.0,90659189.0,91500,0.002328777582652516,931511.0
Reading West and Mid Berkshire,23,5288286.0,3321118.0,121630571.0,104500,0.002659642157237026,1063857.0
Hackney North and Stoke Newington,23,3088760.0,2435487.0,71041483.0,79000,0.002010638568628948,804255.0
Streatham and Croydon North,22,3285612.0,2601542.0,72283464.0,80000,0.0020360896897508333,814436.0
North Cornwall,22,4861300.0,3653230.0,106948603.0,111500,0.0028378000050902244,1135120.0
Tunbridge Wells,21,4664366.0,3134028.0,97951682.0,94000,0.0023924053854572293,956962.0
Epsom and Ewell,20,3236216.0,2679035.0,64724313.0,76500,0.0019470107658242346,778804.0
East Surrey,19,2798513.0,2623683.0,53171746.0,63500,0.001616146191239724,646458.0
Harrogate and Knaresborough,19,5433677.0,2917049.0,103239861.0,86500,0.002201521977043089,880609.0
Lewisham North,19,6548458.0,3243625.0,124420708.0,89000,0.0022651497798478024,906060.0
Cardiff South and Penarth,19,13280297.0,4981677.0,252325646.0,103000,0.0026214654755541984,1048586.0
Croydon West,19,8818850.0,2528478.0,167558155.0,77500,0.00197246188694612,788985.0
South Cambridgeshire,19,2691718.0,2546191.0,51142645.0,60000,0.0015270672673131252,610827.0
Altrincham and Sale West,19,4893633.0,2822950.0,92979018.0,71000,0.0018070295996538647,722812.0
South Northamptonshire,18,3479486.0,2435487.0,62630752.0,64500,0.0016415973123616095,656639.0
Kingston and Surbiton,18,4091740.0,2889373.0,73651329.0,75000,0.0019088340841414064,763534.0
Leyton and Wanstead,18,3496822.0,2969633.0,62942792.0,72500,0.001845206281336693,738083.0
Welwyn Hatfield,18,4026145.0,3224252.0,72470612.0,77000,0.0019597363263851772,783895.0
Witney,18,6213258.0,3066499.0,111838651.0,86500,0.002201521977043089,880609.0
Stratford-on-Avon,18,3760490.0,3271301.0,67688815.0,76500,0.0019470107658242346,778804.0
"Ruislip, Northwood and Pinner",17,3263975.0,2596007.0,55487580.0,63000,0.0016034206306787815,641368.0
Exeter,17,4780567.0,4428157.0,81269647.0,86000,0.002188796416482146,875519.0
Newcastle upon Tyne Central and West,17,11182434.0,6227096.0,190101385.0,107000,0.0027232699600417396,1089308.0
York Central,17,15186339.0,5811957.0,258167755.0,102000,0.0025960143544323127,1038406.0
Dorking and Horley,17,3545261.0,3000077.0,60269437.0,71000,0.0018070295996538647,722812.0
Daventry,17,15648461.0,3210414.0,266023834.0,80000,0.0020360896897508333,814436.0
North West Essex,16,3699778.0,2490839.0,59196448.0,63500,0.001616146191239724,646458.0
Liverpool Riverside,16,13155787.0,7334136.0,210492587.0,96000,0.002443307627701,977323.0
Stretford and Urmston,16,10243303.0,5579478.0,163892842.0,91000,0.0023160520220915732,926421.0
Salford,16,7734768.0,6412482.0,123756289.0,97000,0.002468758748822886,987503.0
Mid Sussex,16,3651611.0,3182738.0,58425770.0,70500,0.001794304039092922,717722.0
Wetherby and Easingwold,16,5442960.0,2767598.0,87087359.0,69000,0.0017561273574100938,702451.0
Bethnal Green and Stepney,16,20475035.0,9617404.0,327600567.0,99500,0.0025323865516275993,1012955.0
South Devon,15,3096924.0,2490839.0,46453857.0,53500,0.0013616349800208698,544654.0
Romsey and Southampton North,15,4076783.0,2989006.0,61151747.0,65000,0.0016543228729225523,661729.0
Meriden and Solihull East,15,4922236.0,3099710.0,73833538.0,69000,0.0017561273574100938,702451.0
Truro and Falmouth,15,3175154.0,2435487.0,47627306.0,57500,0.0014634394645084115,585376.0
Eastbourne,15,8399524.0,5688888.0,125992867.0,94500,0.002405130946018172,962052.0
Knowsley,15,5046181.0,4682223.0,75692715.0,72500,0.001845206281336693,738083.0
Wokingham,15,3755920.0,3210414.0,56338805.0,68000,0.0017306762362882084,692270.0
Ealing Southall,14,3482746.0,3166133.0,48758442.0,58500,0.001488890585630297,595556.0
North West Hampshire,14,5467166.0,2809528.0,76540328.0,63000,0.0016034206306787815,641368.0
Croydon South,14,4244512.0,3086424.0,59423168.0,61500,0.0015652439489959532,626098.0
Canterbury,14,5105795.0,2438509.0,71481125.0,52500,0.0013361838588989846,534474.0
Watford,13,5973782.0,2989006.0,77659169.0,64000,0.001628871751800667,651549.0
Coventry East,13,6282120.0,4051764.0,81667564.0,63500,0.001616146191239724,646458.0
Eltham and Chislehurst,13,2813583.0,2546191.0,36576580.0,43000,0.001094398208241073,437759.0
Surrey Heath,13,7002953.0,3005612.0,91038395.0,61000,0.0015525183884350106,621007.0
Tonbridge,13,4362321.0,4839468.0,56710174.0,65000,0.0016543228729225523,661729.0
Frome and East Somerset,13,3946714.0,2859551.0,51307283.0,48000,0.0012216538138505,488662.0
Mid Buckinghamshire,13,4465316.0,2573867.0,58049104.0,47000,0.0011962026927286146,478481.0
South West Norfolk,13,5516011.0,3121851.0,71708142.0,58000,0.0014761650250693543,590466.0
Macclesfield,13,3107528.0,2784204.0,40397859.0,48000,0.0012216538138505,488662.0
Luton South and South Bedfordshire,13,6096272.0,4428157.0,79251530.0,74500,0.0018961085235804638,758443.0
Lewisham West and East Dulwich,13,2679206.0,2490839.0,34829672.0,43000,0.001094398208241073,437759.0
Rutland and Stamford,13,3686015.0,2767598.0,47918199.0,48000,0.0012216538138505,488662.0
Salisbury,13,3037932.0,2878302.0,39493122.0,49500,0.0012598304955333283,503932.0
Leeds South,13,10082852.0,6734119.0,131077081.0,86000,0.002188796416482146,875519.0
Manchester Rusholme,13,7310058.0,4815621.0,95030750.0,75000,0.0019088340841414064,763534.0
Basildon and Billericay,13,8046816.0,5092381.0,104608608.0,72000,0.0018324807207757501,732992.0
North East Hampshire,12,3676693.0,2864464.0,44120315.0,45500,0.0011580260110457866,463210.0
Droitwich and Evesham,12,7968377.0,4774107.0,95620525.0,70000,0.0017815784785319793,712631.0
Hornchurch and Upminster,12,2484381.0,2435487.0,29812570.0,36500,0.0009289659209488178,371586.0
North Northumberland,12,7026869.0,5893018.0,84322433.0,70000,0.0017815784785319793,712631.0
North East Hertfordshire,12,3406078.0,2374599.0,40872938.0,40000,0.0010180448448754167,407218.0
Worcester,12,6449888.0,7195756.0,77398657.0,71000,0.0018070295996538647,722812.0
East Wiltshire,12,2844695.0,2454860.0,34136344.0,39500,0.001005319284314474,402128.0
Hayes and Harlington,12,15033706.0,7002024.0,180404473.0,72500,0.001845206281336693,738083.0
Torbay,12,3003351.0,3099710.0,36040213.0,43000,0.001094398208241073,437759.0
Bexhill and Battle,12,3673808.0,2629218.0,44085696.0,48500,0.001234379374411443,493752.0
Bicester and Woodstock,12,5034684.0,3064838.0,60416203.0,53500,0.0013616349800208698,544654.0
New Forest West,12,4117263.0,2836788.0,49407161.0,47500,0.0012089282532895575,483571.0
Milton Keynes North,12,11932060.0,3597878.0,143184722.0,57000,0.001450713903947469,580286.0
Bury St Edmunds and Stowmarket,12,3967602.0,2933654.0,47611227.0,52000,0.0013234582983380418,529383.0
Tottenham,12,3836199.0,2435487.0,46034385.0,47500,0.0012089282532895575,483571.0
South Suffolk,12,15203187.0,2402275.0,182438247.0,46000,0.0011707515716067292,468301.0
Spelthorne,12,4728860.0,3583057.0,56746323.0,57000,0.001450713903947469,580286.0
Sheffield Central,12,11330649.0,7174360.0,135967784.0,85000,0.0021633452953602607,865338.0
Romford,12,4644491.0,2615380.0,55733897.0,51000,0.0012980071772161564,519203.0
Isle of Wight West,11,7021451.0,2475119.0,77235961.0,43500,0.0011071237688020158,442850.0
Warwick and Leamington,11,9823933.0,3265766.0,108063266.0,48500,0.001234379374411443,493752.0
Sussex Weald,11,5887437.0,2961330.0,64761803.0,43000,0.001094398208241073,437759.0
Manchester Withington,11,3391584.0,2546191.0,37307421.0,41000,0.001043495965997302,417398.0
Hemel Hempstead,11,3815260.0,2407811.0,41967862.0,45000,0.0011453004504848438,458120.0
Hamble Valley,11,11642192.0,3653230.0,128064110.0,57500,0.0014634394645084115,585376.0
Cheltenham,11,4259732.0,2989006.0,46857056.0,45500,0.0011580260110457866,463210.0
Oxford East,11,8276428.0,3866888.0,91040703.0,52000,0.0013234582983380418,529383.0
Thurrock,11,11219783.0,4486886.0,123417608.0,58500,0.001488890585630297,595556.0
Hertford and Stortford,11,4679254.0,3985342.0,51471795.0,52500,0.0013361838588989846,534474.0
Enfield North,11,9496488.0,5369141.0,104461372.0,63500,0.001616146191239724,646458.0
Ealing North,11,6216751.0,3127386.0,68384256.0,51000,0.0012980071772161564,519203.0
Gower,11,4607297.0,4981677.0,50680262.0,54500,0.0013870861011427552,554834.0
Kenilworth and Southam,11,6033465.0,2989006.0,66368117.0,47500,0.0012089282532895575,483571.0
Mid Bedfordshire,11,5796442.0,2961330.0,63760863.0,51000,0.0012980071772161564,519203.0
Horsham,11,3552791.0,2380135.0,39080703.0,35000,0.0008907892392659896,356316.0
Northampton North,11,6202040.0,3985342.0,68222444.0,52000,0.0013234582983380418,529383.0
North West Norfolk,11,3358444.0,2518515.0,36942883.0,41000,0.001043495965997302,417398.0
St Ives,10,3521824.0,3113548.0,35218243.0,40000,0.0010180448448754167,407218.0
Bristol North West,10,7416591.0,2712246.0,74165913.0,40000,0.0010180448448754167,407218.0
Stourbridge,10,7058642.0,3631779.0,70586422.0,50500,0.0012852816166552138,514113.0
Isle of Wight East,10,3075361.0,2789739.0,30753609.0,36500,0.0009289659209488178,371586.0
Melton and Syston,10,3606624.0,3016682.0,36066235.0,40000,0.0010180448448754167,407218.0
Beckenham and Penge,10,3816972.0,2490839.0,38169721.0,34500,0.0008780636787050469,351225.0
Westmorland and Lonsdale,10,4840810.0,3404146.0,48408100.0,49000,0.0012471049349723855,498842.0
Edmonton and Winchmore Hill,10,3993984.0,2940892.0,39939842.0,43000,0.001094398208241073,437759.0
Nottingham East,10,6685684.0,5913397.0,66856840.0,58500,0.001488890585630297,595556.0
Scarborough and Whitby,10,5859335.0,4024768.0,58593346.0,52000,0.0013234582983380418,529383.0
Broxbourne,10,4468011.0,2656894.0,44680109.0,38500,0.0009798681631925886,391947.0
Peckham,10,3433787.0,2730513.0,34337870.0,38500,0.0009798681631925886,391947.0
Hitchin,10,3752767.0,2966865.0,37527668.0,42500,0.0010816726476801303,432669.0
Portsmouth South,10,12851497.0,14635060.0,128514970.0,58500,0.001488890585630297,595556.0
Orpington,10,3395310.0,2656894.0,33953104.0,39500,0.001005319284314474,402128.0
Thornbury and Yate,10,8518641.0,5042428.0,85186405.0,51000,0.0012980071772161564,519203.0
Nottingham South,10,6229049.0,5754391.0,62290491.0,58500,0.001488890585630297,595556.0
Leicester South,9,4562735.0,3127386.0,41064614.0,42000,0.0010689470871191875,427579.0
Keighley and Ilkley,9,4914025.0,3016682.0,44226222.0,39500,0.001005319284314474,402128.0
Rugby,9,13238961.0,6642236.0,119150646.0,54500,0.0013870861011427552,554834.0
West Lancashire,9,4190390.0,3265766.0,37713510.0,42500,0.0010816726476801303,432669.0
Aylesbury,9,9277671.0,3321118.0,83499037.0,47000,0.0011962026927286146,478481.0
Skipton and Ripon,9,3720267.0,3265766.0,33482405.0,38500,0.0009798681631925886,391947.0
Sittingbourne and Sheppey,9,12896877.0,7915331.0,116071896.0,57500,0.0014634394645084115,585376.0
Leeds Central and Headingley,9,6570579.0,5037029.0,59135211.0,52500,0.0013361838588989846,534474.0
Lewes,9,3546831.0,2214079.0,31921480.0,34500,0.0008780636787050469,351225.0
Doncaster Central,9,3654349.0,3405530.0,32889143.0,43500,0.0011071237688020158,442850.0
Didcot and Wantage,9,3070189.0,2767598.0,27631702.0,33000,0.0008398869970222189,335955.0
Glastonbury and Somerton,9,4387640.0,2546191.0,39488758.0,35000,0.0008907892392659896,356316.0
Dartford,9,6678285.0,7776952.0,60104569.0,52500,0.0013361838588989846,534474.0
Tamworth,9,7537113.0,5485380.0,67834015.0,53500,0.0013616349800208698,544654.0
Newcastle-under-Lyme,9,7063355.0,9797298.0,63570191.0,56000,0.0014252627828255835,570105.0
North Bedfordshire,9,3212351.0,2690936.0,28911163.0,34500,0.0008780636787050469,351225.0
Exmouth and Exeter East,9,6407989.0,3071641.0,57671900.0,43000,0.001094398208241073,437759.0
Telford,9,6586111.0,5692673.0,59275001.0,62500,0.0015906950701178387,636278.0
North Herefordshire,9,4514490.0,4704912.0,40630408.0,44500,0.0011325748899239012,453030.0
Tewkesbury,9,8725528.0,2518515.0,78529749.0,40000,0.0010180448448754167,407218.0
Mid Leicestershire,9,4749217.0,2546191.0,42742955.0,33500,0.0008526125575831615,341045.0
Stockport,9,3810552.0,3177203.0,34294966.0,43500,0.0011071237688020158,442850.0
Wyre Forest,8,4214702.0,3794635.0,33717615.0,40000,0.0010180448448754167,407218.0
Hexham,8,3441079.0,2615380.0,27528634.0,31000,0.000788984754778448,315594.0
Central Suffolk and North Ipswich,8,10722091.0,2933654.0,85776731.0,36000,0.0009162403603878751,366496.0
North Devon,8,6103262.0,3016682.0,48826098.0,35500,0.0009035147998269323,361406.0
Honiton and Sidmouth,8,2419019.0,2217400.0,19352155.0,23500,0.0005981013463643073,239241.0
Bury South,8,5234349.0,3207647.0,41874789.0,39500,0.001005319284314474,402128.0
Peterborough,8,4037926.0,3321118.0,32303409.0,43500,0.0011071237688020158,442850.0
Ashford,8,10319245.0,3401523.0,82553962.0,36000,0.0009162403603878751,366496.0
Ashfield,8,6008308.0,3127386.0,48066467.0,37000,0.0009416914815097605,376677.0
Braintree,8,5376422.0,2339516.0,43011377.0,28500,0.0007253569519737345,290143.0
Harrow West,8,8087050.0,3385282.0,64696398.0,38500,0.0009798681631925886,391947.0
Melksham and Devizes,8,2986931.0,2997309.0,23895445.0,31000,0.000788984754778448,315594.0
Congleton,8,4736167.0,4151398.0,37889340.0,43500,0.0011071237688020158,442850.0
Chester South and Eddisbury,8,3146067.0,2344156.0,25168540.0,28500,0.0007253569519737345,290143.0
West Worcestershire,8,3592343.0,3354329.0,28738742.0,35000,0.0008907892392659896,356316.0
Birmingham Erdington,8,5313097.0,3224252.0,42504776.0,36000,0.0009162403603878751,366496.0
Wells and Mendip Hills,8,5540719.0,2784204.0,44325753.0,34500,0.0008780636787050469,351225.0
Maldon,8,2752058.0,2416113.0,22016467.0,27500,0.000699905830851849,279962.0
Llanelli,8,4081478.0,3542526.0,32651827.0,38500,0.0009798681631925886,391947.0
West Dorset,8,4003331.0,3179971.0,32026649.0,34500,0.0008780636787050469,351225.0
St Austell and Newquay,8,2899751.0,2629218.0,23198008.0,28500,0.0007253569519737345,290143.0
Chelmsford,8,4118987.0,2793060.0,32951892.0,36500,0.0009289659209488178,371586.0
Harlow,8,6140254.0,4179074.0,49122034.0,41000,0.001043495965997302,417398.0
Wirral West,8,3590939.0,3155057.0,28727513.0,34500,0.0008780636787050469,351225.0
Stratford and Bow,8,10163260.0,5950337.0,81306076.0,49500,0.0012598304955333283,503932.0
North Somerset,7,3923478.0,3044358.0,27464345.0,33000,0.0008398869970222189,335955.0
Yeovil,7,4133913.0,3044358.0,28937393.0,30500,0.0007762591942175053,310504.0
Southampton Itchen,7,6167791.0,3321118.0,43174535.0,38500,0.0009798681631925886,391947.0
North West Cambridgeshire,7,6895728.0,3556364.0,48270096.0,35000,0.0008907892392659896,356316.0
St Helens North,7,4059750.0,4682223.0,28418247.0,31000,0.000788984754778448,315594.0
Thirsk and Malton,7,5058561.0,3431822.0,35409926.0,36000,0.0009162403603878751,366496.0
Stroud,7,3396397.0,2767598.0,23774777.0,28500,0.0007253569519737345,290143.0
Newark,7,4804955.0,2933654.0,33634683.0,34500,0.0008780636787050469,351225.0
Worsley and Eccles,7,5504115.0,2477025.0,38528802.0,25000,0.0006362780280471355,254511.0
Tiverton and Minehead,7,4667823.0,3680906.0,32674764.0,32000,0.0008144358759003335,325774.0
Weald of Kent,7,7444661.0,4589417.0,52112627.0,38500,0.0009798681631925886,391947.0
Rushcliffe,7,3160242.0,2601542.0,22121691.0,26000,0.0006617291491690209,264692.0
Rossendale and Darwen,7,8635677.0,4882044.0,60449739.0,40000,0.0010180448448754167,407218.0
Wakefield and Rothwell,7,3265745.0,2767598.0,22860217.0,29500,0.0007508080730956199,300323.0
York Outer,7,3670784.0,3321118.0,25695491.0,32000,0.0008144358759003335,325774.0
Bracknell,7,8483717.0,3929990.0,59386019.0,38500,0.0009798681631925886,391947.0
Feltham and Heston,7,6318823.0,4013018.0,44231758.0,38500,0.0009798681631925886,391947.0
Bristol South,7,8225280.0,3431677.0,57576959.0,33000,0.0008398869970222189,335955.0
Gravesham,7,14935614.0,4206750.0,104549300.0,38500,0.0009798681631925886,391947.0
Crawley,7,16471844.0,7173615.0,115302907.0,43500,0.0011071237688020158,442850.0
Brentford and Isleworth,7,22105691.0,10714018.0,154739838.0,47500,0.0012089282532895575,483571.0
Bromsgrove,7,7926676.0,4040694.0,55486733.0,34500,0.0008780636787050469,351225.0
Basingstoke,7,4648775.0,4206750.0,32541422.0,36000,0.0009162403603878751,366496.0
Chingford and Woodford Green,7,2898862.0,2656894.0,20292031.0,24500,0.0006235524674861928,249421.0
Buckingham and Bletchley,7,4349083.0,3321118.0,30443582.0,36000,0.0009162403603878751,366496.0
Bristol East,7,7717141.0,6082277.0,54019987.0,42500,0.0010816726476801303,432669.0
Filton and Bradley Stoke,7,4041633.0,4620766.0,28291431.0,33500,0.0008526125575831615,341045.0
Fylde,7,5811957.0,2191938.0,40683696.0,22500,0.0005726502252424219,229060.0
Bolsover,7,13565889.0,11125746.0,94961221.0,42500,0.0010816726476801303,432669.0
Hereford and South Herefordshire,7,6293868.0,6376547.0,44057075.0,40000,0.0010180448448754167,407218.0
Earley and Woodley,7,8797009.0,5645901.0,61579064.0,41000,0.001043495965997302,417398.0
Camborne and Redruth,7,3317797.0,3155062.0,23224579.0,28500,0.0007253569519737345,290143.0
Ely and East Cambridgeshire,7,5261600.0,3072033.0,36831198.0,32000,0.0008144358759003335,325774.0
North Shropshire,6,5869273.0,3493067.0,35215637.0,29500,0.0007508080730956199,300323.0
Newcastle upon Tyne North,6,3554980.0,3293442.0,21329881.0,25000,0.0006362780280471355,254511.0
Stafford,6,11919017.0,4593893.0,71514102.0,32500,0.0008271614364612762,330865.0
Corby and East Northamptonshire,6,5419638.0,4273615.0,32517830.0,35000,0.0008907892392659896,356316.0
East Worthing and Shoreham,6,11993050.0,4013389.0,71958300.0,30000,0.0007635336336565626,305413.0
Brighton Pavilion,6,4218902.0,2573867.0,25313411.0,25000,0.0006362780280471355,254511.0
Maidstone and Malling,6,4433231.0,3747328.0,26599388.0,35000,0.0008907892392659896,356316.0
"Oldham West, Chadderton and Royton",6,4306765.0,3376470.0,25840590.0,27500,0.000699905830851849,279962.0
Bognor Regis and Littlehampton,6,6948517.0,5161571.0,41691102.0,36000,0.0009162403603878751,366496.0
Bradford South,6,5560504.0,4516721.0,33363023.0,31000,0.000788984754778448,315594.0
Gloucester,6,8537686.0,5271210.0,51226116.0,30000,0.0007635336336565626,305413.0
South Dorset,6,3103400.0,2961330.0,18620402.0,22000,0.0005599246646814792,223970.0
Waveney Valley,6,4883039.0,5452169.0,29298234.0,37500,0.0009544170420707032,381767.0
Brent West,6,14282653.0,6415293.0,85695916.0,36000,0.0009162403603878751,366496.0
Warrington South,6,7313427.0,7173615.0,43880564.0,36000,0.0009162403603878751,366496.0
Bradford East,6,4469369.0,3597878.0,26816214.0,27000,0.0006871802702909063,274872.0
Derby South,6,3243348.0,3564893.0,19460086.0,25000,0.0006362780280471355,254511.0
Mid Norfolk,6,7231461.0,3655997.0,43388764.0,30000,0.0007635336336565626,305413.0
Normanton and Hemsworth,6,7586825.0,5175409.0,45520948.0,35000,0.0008907892392659896,356316.0
St Neots and Mid Cambridgeshire,6,3489742.0,3063731.0,20938451.0,24500,0.0006235524674861928,249421.0
South West Wiltshire,6,3337722.0,3514849.0,20026331.0,26000,0.0006617291491690209,264692.0
Chippenham,6,10319452.0,4527791.0,61916711.0,31000,0.000788984754778448,315594.0
Ilford North,6,4482126.0,4112651.0,26892754.0,33500,0.0008526125575831615,341045.0
Huntingdon,6,7245033.0,2841384.0,43470201.0,27500,0.000699905830851849,279962.0
Hinckley and Bosworth,6,3488097.0,2905978.0,20928579.0,24500,0.0006235524674861928,249421.0
Herne Bay and Sandwich,6,5874734.0,4165236.0,35248403.0,30000,0.0007635336336565626,305413.0
South Ribble,6,6656541.0,3795778.0,39939246.0,33500,0.0008526125575831615,341045.0
Sheffield South East,6,7317256.0,7859979.0,43903534.0,38500,0.0009798681631925886,391947.0
Barking,6,6615483.0,5773210.0,39692896.0,33500,0.0008526125575831615,341045.0
Redditch,6,11981854.0,3791610.0,71891125.0,30000,0.0007635336336565626,305413.0
Southampton Test,6,9892361.0,2795274.0,59354167.0,27000,0.0006871802702909063,274872.0
Cheadle,6,4234085.0,3932611.0,25404508.0,27500,0.000699905830851849,279962.0
Torridge and Tavistock,6,5803169.0,2706711.0,34819016.0,23500,0.0005981013463643073,239241.0
Witham,6,3497322.0,2883838.0,20983931.0,25000,0.0006362780280471355,254511.0
Widnes and Halewood,6,8801845.0,4806395.0,52811071.0,32500,0.0008271614364612762,330865.0
Ribble Valley,6,3249530.0,3086426.0,19497177.0,23500,0.0005981013463643073,239241.0
Bedford,6,10454850.0,4546522.0,62729101.0,32500,0.0008271614364612762,330865.0
Harrow East,6,4147707.0,3072034.0,24886245.0,28500,0.0007253569519737345,290143.0
Richmond and Northallerton,6,3464111.0,2227917.0,20784664.0,25000,0.0006362780280471355,254511.0
Broadland and Fakenham,5,7453917.0,8348737.0,37269587.0,35000,0.0008907892392659896,356316.0
South Basildon and East Thurrock,5,19914052.0,5775245.0,99570262.0,30000,0.0007635336336565626,305413.0
South Leicestershire,5,4642459.0,2546191.0,23212297.0,18500,0.00047084574075488024,188338.0
North Dorset,5,3448428.0,3819286.0,17242138.0,20000,0.0005090224224377083,203609.0
Bournemouth West,5,3749542.0,2767598.0,18747712.0,21000,0.0005344735435595938,213789.0
Sleaford and North Hykeham,5,7390227.0,5989457.0,36951134.0,28500,0.0007253569519737345,290143.0
Portsmouth North,5,3272896.0,2415784.0,16364479.0,17500,0.0004453946196329948,178158.0
Cardiff North,5,13938733.0,9791763.0,69693663.0,33500,0.0008526125575831615,341045.0
Dunstable and Leighton Buzzard,5,11725979.0,4742557.0,58629895.0,30000,0.0007635336336565626,305413.0
Christchurch,5,9382159.0,2656894.0,46910793.0,19500,0.0004962968618767657,198519.0
North Norfolk,5,3417763.0,2601542.0,17088813.0,20000,0.0005090224224377083,203609.0
Rochester and Strood,5,5588472.0,3321118.0,27942362.0,28500,0.0007253569519737345,290143.0
Cardiff West,5,3419614.0,3653230.0,17098071.0,22000,0.0005599246646814792,223970.0
Carlisle,5,6391579.0,3653230.0,31957895.0,25000,0.0006362780280471355,254511.0
Swindon South,5,3453963.0,3597878.0,17269814.0,25000,0.0006362780280471355,254511.0
Derbyshire Dales,5,7076012.0,3099710.0,35380062.0,21000,0.0005344735435595938,213789.0
Sutton Coldfield,5,11800010.0,2269431.0,59000050.0,22500,0.0005726502252424219,229060.0
Sefton Central,5,3414109.0,3210414.0,17070547.0,20000,0.0005090224224377083,203609.0
Derby North,5,14441343.0,13522557.0,72206713.0,32500,0.0008271614364612762,330865.0
Carshalton and Wallington,5,8114599.0,8302795.0,40572993.0,31000,0.000788984754778448,315594.0
Nottingham North and Kimberley,5,8079286.0,2634754.0,40396428.0,21000,0.0005344735435595938,213789.0
Nuneaton,5,3705365.0,3033288.0,18526826.0,22000,0.0005599246646814792,223970.0
Clwyd North,5,3460772.0,3210414.0,17303858.0,21000,0.0005344735435595938,213789.0
Ilford South,5,7976481.0,5986085.0,39882407.0,31000,0.000788984754778448,315594.0
Hastings and Rye,5,5468110.0,2214079.0,27340550.0,20000,0.0005090224224377083,203609.0
Milton Keynes Central,5,17628873.0,20590932.0,88144366.0,37500,0.0009544170420707032,381767.0
Worthing West,5,3304512.0,2767598.0,16522562.0,20500,0.000521747982998651,208699.0
Wolverhampton West,5,4859903.0,5535197.0,24299514.0,28500,0.0007253569519737345,290143.0
Gorton and Denton,5,3215949.0,3321118.0,16079747.0,21000,0.0005344735435595938,213789.0
Wrexham,5,3249161.0,3431822.0,16245803.0,22000,0.0005599246646814792,223970.0
Mansfield,5,7694365.0,3099710.0,38471825.0,25500,0.0006490035886080782,259601.0
Louth and Horncastle,5,4799029.0,3321118.0,23995146.0,27000,0.0006871802702909063,274872.0
Washington and Gateshead South,5,16583450.0,20037412.0,82917248.0,33500,0.0008526125575831615,341045.0
Wythenshawe and Sale East,5,9044510.0,6199420.0,45222549.0,32500,0.0008271614364612762,330865.0
Loughborough,5,2829593.0,2767598.0,14147963.0,18500,0.00047084574075488024,188338.0
Mid Derbyshire,5,2902657.0,2214079.0,14513284.0,16000,0.00040721793795016673,162887.0
Mid Dorset and North Poole,5,14690412.0,7195756.0,73452062.0,31000,0.000788984754778448,315594.0
Mid and South Pembrokeshire,5,3057643.0,3653230.0,15288214.0,20000,0.0005090224224377083,203609.0
Middlesbrough and Thornaby East,5,4950330.0,3763934.0,24751652.0,28500,0.0007253569519737345,290143.0
Birmingham Edgbaston,5,5736678.0,2546191.0,28683390.0,20000,0.0005090224224377083,203609.0
Monmouthshire,5,2635861.0,2324783.0,13179304.0,15000,0.0003817668168282813,152707.0
Newport East,5,6902390.0,5756605.0,34511952.0,28500,0.0007253569519737345,290143.0
Bassetlaw,5,18997993.0,7749276.0,94989966.0,32500,0.0008271614364612762,330865.0
Leicester West,5,6415817.0,6354406.0,32079084.0,32500,0.0008271614364612762,330865.0
Lichfield,4,3275643.0,2878302.0,13102571.0,17000,0.0004326690590720521,173068.0
Leeds North East,4,8337390.0,4234426.0,33349561.0,21000,0.0005344735435595938,213789.0
Chester North and Neston,4,4259334.0,4234426.0,17037336.0,21000,0.0005344735435595938,213789.0
"Pontefract, Castleford and Knottingley",4,4949670.0,3865975.0,19798679.0,17500,0.0004453946196329948,178158.0
Stevenage,4,9753017.0,9686594.0,39012067.0,25000,0.0006362780280471355,254511.0
Lancaster and Wyre,4,3575613.0,2878053.0,14302450.0,17000,0.0004326690590720521,173068.0
Runcorn and Helsby,4,9591112.0,4911380.0,38364449.0,20000,0.0005090224224377083,203609.0
Preston,4,4825200.0,4530344.0,19300802.0,21000,0.0005344735435595938,213789.0
Leeds East,4,10153068.0,6741870.0,40612274.0,25000,0.0006362780280471355,254511.0
Broxtowe,4,4328455.0,3450285.0,17313821.0,17500,0.0004453946196329948,178158.0
Central Devon,4,3559132.0,2490839.0,14236526.0,15000,0.0003817668168282813,152707.0
Leicester East,4,10831914.0,10359784.0,43327657.0,25000,0.0006362780280471355,254511.0
Southport,4,8656871.0,5219337.0,34627484.0,22500,0.0005726502252424219,229060.0
"Harborough, Oadby and Wigston",4,3106834.0,2922993.0,12427335.0,15000,0.0003817668168282813,152707.0
Hartlepool,4,3573743.0,3611716.0,14294973.0,18500,0.00047084574075488024,188338.0
Weston-super-Mare,4,4016669.0,3037822.0,16066675.0,18500,0.00047084574075488024,188338.0
St Helens South and Whiston,4,19270395.0,4817604.0,77081581.0,22500,0.0005726502252424219,229060.0
Rochdale,4,8998154.0,4815621.0,35992617.0,20000,0.0005090224224377083,203609.0
Bristol North East,4,4283265.0,3265213.0,17133061.0,20000,0.0005090224224377083,203609.0
Stoke-on-Trent Central,4,6018143.0,2847859.0,24072571.0,18000,0.00045812018019393753,183248.0
Clacton,4,3354538.0,3321118.0,13418154.0,17500,0.0004453946196329948,178158.0
Halifax,4,7529087.0,4912614.0,30116349.0,20000,0.0005090224224377083,203609.0
Birkenhead,4,3936237.0,3480675.0,15744948.0,20000,0.0005090224224377083,203609.0
Grantham and Bourne,4,2590746.0,2252799.0,10362985.0,12500,0.00031813901402356773,127256.0
Luton North,4,7978274.0,8817569.0,31913096.0,27500,0.000699905830851849,279962.0
Burnley,4,4518935.0,4967839.0,18075739.0,18500,0.00047084574075488024,188338.0
Penrith and Solway,4,2975167.0,2933652.0,11900668.0,15000,0.0003817668168282813,152707.0
Huddersfield,4,11731850.0,4870973.0,46927398.0,22500,0.0005726502252424219,229060.0
Alyn and Deeside,4,4084975.0,2441022.0,16339901.0,16000,0.00040721793795016673,162887.0
Newcastle upon Tyne East and Wallsend,4,10020970.0,3199344.0,40083879.0,18500,0.00047084574075488024,188338.0
East Thanet,4,6493632.0,3023910.0,25974529.0,18000,0.00045812018019393753,183248.0
Easington,4,4376902.0,2897565.0,17507606.0,17000,0.0004326690590720521,173068.0
Uxbridge and South Ruislip,4,12169960.0,4104348.0,48679842.0,21000,0.0005344735435595938,213789.0
Vale of Glamorgan,4,3398297.0,3475476.0,13593188.0,16000,0.00040721793795016673,162887.0
Walsall and Bloxwich,4,6549533.0,3542526.0,26198132.0,20000,0.0005090224224377083,203609.0
Dwyfor Meirionnydd,4,4217731.0,3665505.0,16870922.0,18500,0.00047084574075488024,188338.0
Mitcham and Morden,4,3509315.0,3254696.0,14037259.0,20000,0.0005090224224377083,203609.0
Amber Valley,4,2310945.0,2175332.0,9243779.0,11000,0.0002799623323407396,111985.0
Slough,4,34740279.0,12146989.0,138961116.0,25000,0.0006362780280471355,254511.0
Doncaster North,4,11789969.0,4995515.0,47159877.0,23500,0.0005981013463643073,239241.0
Doncaster East and the Isle of Axholme,4,3693360.0,3550829.0,14773440.0,17500,0.0004453946196329948,178158.0
Folkestone and Hythe,4,2252825.0,2214079.0,9011300.0,10000,0.00025451121121885416,101804.0
North West Leicestershire,4,25534505.0,2972401.0,102138020.0,18500,0.00047084574075488024,188338.0
Swindon North,4,4345416.0,3894315.0,17381664.0,22500,0.0005726502252424219,229060.0
Heywood and Middleton North,4,4207646.0,2354251.0,16830584.0,15000,0.0003817668168282813,152707.0
Shrewsbury,4,5288881.0,5507521.0,21155522.0,22500,0.0005726502252424219,229060.0
Caerfyrddin,4,3380066.0,3501911.0,13520263.0,17500,0.0004453946196329948,178158.0
Wellingborough and Rushden,4,4925772.0,3030520.0,19703087.0,18500,0.00047084574075488024,188338.0
Suffolk Coastal,4,2329953.0,2324783.0,9319810.0,10000,0.00025451121121885416,101804.0
Leeds North West,4,3228404.0,2836788.0,12913614.0,14500,0.0003690412562673386,147617.0
Kingston upon Hull North and Cottingham,4,2546191.0,2656894.0,10184762.0,13000,0.00033086457458451045,132346.0
Burton and Uttoxeter,4,5092381.0,5424493.0,20369524.0,27500,0.000699905830851849,279962.0
Bridgwater,4,18203878.0,3058196.0,72815513.0,19500,0.0004962968618767657,198519.0
South Norfolk,3,7184685.0,7184685.0,21554056.0,22500,0.0005726502252424219,229060.0
South Holland and The Deepings,3,3322963.0,3121851.0,9968889.0,12000,0.000305413453462625,122165.0
Barnsley North,3,15416546.0,15916758.0,46249637.0,20000,0.0005090224224377083,203609.0
Bury North,3,10832926.0,12930220.0,32498778.0,18500,0.00047084574075488024,188338.0
Torfaen,3,12695896.0,16594520.0,38087689.0,20000,0.0005090224224377083,203609.0
Southend East and Rochford,3,3542526.0,2822950.0,10627578.0,13500,0.00034359013514545316,137436.0
Wolverhampton South East,3,6688362.0,7749276.0,20065087.0,20000,0.0005090224224377083,203609.0
Tipton and Wednesbury,3,3925090.0,4365655.0,11775271.0,13500,0.00034359013514545316,137436.0
Boston and Skegness,3,5654677.0,5496450.0,16964030.0,20000,0.0005090224224377083,203609.0
Tynemouth,3,4246621.0,3376470.0,12739862.0,17500,0.0004453946196329948,178158.0
Taunton and Wellington,3,9134920.0,2701176.0,27404759.0,13500,0.00034359013514545316,137436.0
Bradford West,3,4289777.0,2933654.0,12869331.0,14500,0.0003690412562673386,147617.0
Sutton and Cheam,3,3151003.0,2380135.0,9453009.0,10000,0.00025451121121885416,101804.0
Walthamstow,3,10577761.0,3088640.0,31733283.0,14500,0.0003690412562673386,147617.0
Warrington North,3,7085049.0,5978013.0,21255146.0,20000,0.0005090224224377083,203609.0
"Brecon, Radnor and Cwm Tawe",3,5090092.0,4892867.0,15270276.0,17500,0.0004453946196329948,178158.0
Blackburn,3,3816702.0,3653230.0,11450107.0,15000,0.0003817668168282813,152707.0
Sunderland Central,3,3774152.0,3321118.0,11322455.0,16000,0.00040721793795016673,162887.0
Bridlington and The Wolds,3,7623197.0,5394974.0,22869590.0,20000,0.0005090224224377083,203609.0
Birmingham Selly Oak,3,13899512.0,4704916.0,41698536.0,17500,0.0004453946196329948,178158.0
"Stone, Great Wyrley and Penkridge",3,7976219.0,2767598.0,23928656.0,13500,0.00034359013514545316,137436.0
Stoke-on-Trent South,3,28690770.0,38414266.0,86072310.0,22500,0.0005726502252424219,229060.0
Stoke-on-Trent North,3,4981677.0,5535197.0,14945030.0,20000,0.0005090224224377083,203609.0
Stalybridge and Hyde,3,4732593.0,3293442.0,14197780.0,15000,0.0003817668168282813,152707.0
West Ham and Beckton,3,3976116.0,3487174.0,11928349.0,15000,0.0003817668168282813,152707.0
Bolton South and Walkden,3,4525321.0,5278704.0,13575964.0,18500,0.00047084574075488024,188338.0
Staffordshire Moorlands,3,2695075.0,2579402.0,8085224.0,8500,0.00021633452953602605,86534.0
West Suffolk,3,2822950.0,2712246.0,8468851.0,11000,0.0002799623323407396,111985.0
South East Cornwall,3,3304512.0,2546191.0,9913537.0,12500,0.00031813901402356773,127256.0
Aberafan Maesteg,3,6457203.0,5330130.0,19371608.0,18500,0.00047084574075488024,188338.0
Gillingham and Rainham,3,4258780.0,4151398.0,12776341.0,15000,0.0003817668168282813,152707.0
Crewe and Nantwich,3,13824154.0,7663480.0,41472462.0,20000,0.0005090224224377083,203609.0
Colchester,3,5418958.0,5164339.0,16256873.0,17500,0.0004453946196329948,178158.0
Coventry South,3,3048872.0,2695641.0,9146617.0,11000,0.0002799623323407396,111985.0
Plymouth Sutton and Devonport,3,5354380.0,5535197.0,16063141.0,20000,0.0005090224224377083,203609.0
Plymouth Moor View,3,3936632.0,2676821.0,11809896.0,13500,0.00034359013514545316,137436.0
Gainsborough,3,5590390.0,4547693.0,16771169.0,17500,0.0004453946196329948,178158.0
Pendle and Clitheroe,3,3291597.0,2214079.0,9874791.0,12500,0.00031813901402356773,127256.0
Forest of Dean,3,6860277.0,2214079.0,20580831.0,12500,0.00031813901402356773,127256.0
Morecambe and Lunesdale,3,8026035.0,4151398.0,24078106.0,17500,0.0004453946196329948,178158.0
Faversham and Mid Kent,3,3612638.0,4206750.0,10837915.0,12500,0.00031813901402356773,127256.0
Makerfield,3,4396147.0,3889310.0,13188441.0,16000,0.00040721793795016673,162887.0
Ossett and Denby Dale,3,2730697.0,2324783.0,8192091.0,10000,0.00025451121121885416,101804.0
Dagenham and Rainham,3,4854995.0,4566537.0,14564986.0,16000,0.00040721793795016673,162887.0
Darlington,3,14379321.0,17934038.0,43137962.0,20000,0.0005090224224377083,203609.0
Newport West and Islwyn,3,18325471.0,8389248.0,54976412.0,20000,0.0005090224224377083,203609.0
Dewsbury and Batley,3,9118206.0,12404213.0,27354617.0,17500,0.0004453946196329948,178158.0
North Warwickshire and Bedworth,3,3431822.0,2933654.0,10295466.0,11000,0.0002799623323407396,111985.0
Dover and Deal,3,3177203.0,3099710.0,9531609.0,11000,0.0002799623323407396,111985.0
North East Somerset and Hanham,3,3042513.0,3321118.0,9127540.0,12500,0.00031813901402356773,127256.0
Rayleigh and Wickford,3,2250980.0,2324783.0,6752940.0,7500,0.00019088340841414065,76353.0
South Derbyshire,3,5725451.0,5725451.0,17176354.0,22500,0.0005726502252424219,229060.0
Sheffield Hallam,3,2402275.0,2380135.0,7206826.0,7500,0.00019088340841414065,76353.0
Ipswich,3,10671859.0,4428157.0,32015578.0,17500,0.0004453946196329948,178158.0
Sherwood Forest,3,2970556.0,2463163.0,8911667.0,10000,0.00025451121121885416,101804.0
Lewisham East,3,12793316.0,4428157.0,38379948.0,15000,0.0003817668168282813,152707.0
Scunthorpe,3,3625554.0,2878302.0,10876662.0,13500,0.00034359013514545316,137436.0
Aldershot,3,10535325.0,4428157.0,31605974.0,15000,0.0003817668168282813,152707.0
Chatham and Aylesford,3,4357803.0,3442167.0,13073410.0,16000,0.00040721793795016673,162887.0
Kingswinford and South Staffordshire,3,3810060.0,2806345.0,11430181.0,14500,0.0003690412562673386,147617.0
Hazel Grove,3,4433879.0,2546191.0,13301638.0,12500,0.00031813901402356773,127256.0
Kingston upon Hull West and Haltemprice,3,3034587.0,2350820.0,9103760.0,10000,0.00025451121121885416,101804.0
Kettering,3,9649693.0,5258437.0,28949079.0,18500,0.00047084574075488024,188338.0
Jarrow and Gateshead East,3,7573783.0,5867309.0,22721349.0,18500,0.00047084574075488024,188338.0
Halesowen,3,6440755.0,3321118.0,19322265.0,15000,0.0003817668168282813,152707.0
Sheffield Heeley,3,5874689.0,3763934.0,17624067.0,16000,0.00040721793795016673,162887.0
Bangor Aberconwy,2,3321670.0,3321670.0,6643340.0,10000,0.00025451121121885416,101804.0
Bolton North East,2,2975168.0,2975168.0,5950337.0,7500,0.00019088340841414065,76353.0
Newton Abbot,2,2546743.0,2546743.0,5093487.0,6000,0.0001527067267313125,61083.0
Erewash,2,5933731.0,5933731.0,11867462.0,11000,0.0002799623323407396,111985.0
Bolton West,2,8095225.0,8095225.0,16190451.0,11000,0.0002799623323407396,111985.0
Erith and Thamesmead,2,7846141.0,7846141.0,15692283.0,12500,0.00031813901402356773,127256.0
Bootle,2,8809266.0,8809266.0,17618531.0,12500,0.00031813901402356773,127256.0
Blyth and Ashington,2,4149130.0,4149130.0,8298261.0,10000,0.00025451121121885416,101804.0
Blaydon and Consett,2,3686123.0,3686123.0,7372247.0,10000,0.00025451121121885416,101804.0
Birmingham Hodge Hill and Solihull North,2,3155062.0,3155062.0,6310124.0,7500,0.00019088340841414065,76353.0
Leeds South West and Morley,2,5106357.0,5106357.0,10212715.0,10000,0.00025451121121885416,101804.0
Blackpool South,2,4330066.0,4330066.0,8660132.0,10000,0.00025451121121885416,101804.0
Lowestoft,2,5412838.0,5412838.0,10825676.0,10000,0.00025451121121885416,101804.0
Harwich and North Essex,2,3015354.0,3015354.0,6030708.0,7500,0.00019088340841414065,76353.0
Merthyr Tydfil and Aberdare,2,2435487.0,2435487.0,4870973.0,6000,0.0001527067267313125,61083.0
Blackley and Middleton South,2,10896403.0,10896403.0,21792806.0,10000,0.00025451121121885416,101804.0
Gedling,2,4953718.0,4953718.0,9907437.0,10000,0.00025451121121885416,101804.0
Lincoln,2,17432989.0,17432989.0,34865979.0,15000,0.0003817668168282813,152707.0
Eastleigh,2,3743476.0,3743476.0,7486951.0,8500,0.00021633452953602605,86534.0
Bishop Auckland,2,9790762.0,9790762.0,19581524.0,15000,0.0003817668168282813,152707.0
Liverpool Garston,2,7511262.0,7511262.0,15022524.0,15000,0.0003817668168282813,152707.0
Goole and Pocklington,2,2479768.0,2479768.0,4959536.0,5000,0.00012725560560942708,50902.0
Wigan,2,3006463.0,3006463.0,6012926.0,7500,0.00019088340841414065,76353.0
Birmingham Northfield,2,7044626.0,7044626.0,14089251.0,12500,0.00031813901402356773,127256.0
Caerphilly,2,4775125.0,4775125.0,9550250.0,11000,0.0002799623323407396,111985.0
Chesterfield,2,4125290.0,4125290.0,8250581.0,11000,0.0002799623323407396,111985.0
Bournemouth East,2,2474233.0,2474233.0,4948466.0,6000,0.0001527067267313125,61083.0
Cardiff East,2,9162483.0,9162483.0,18324965.0,15000,0.0003817668168282813,152707.0
Spen Valley,2,3348794.0,3348794.0,6697588.0,7500,0.00019088340841414065,76353.0
Chorley,2,4569252.0,4569252.0,9138504.0,12500,0.00031813901402356773,127256.0
Rotherham,2,4786561.0,4786561.0,9573123.0,10000,0.00025451121121885416,101804.0
North Durham,2,2219614.0,2219614.0,4439228.0,5000,0.00012725560560942708,50902.0
Clwyd East,2,6171744.0,6171744.0,12343489.0,10000,0.00025451121121885416,101804.0
Rawmarsh and Conisbrough,2,18411448.0,18411448.0,36822897.0,12500,0.00031813901402356773,127256.0
Colne Valley,2,3445660.0,3445660.0,6891320.0,7500,0.00019088340841414065,76353.0
South West Devon,2,2568304.0,2568304.0,5136607.0,6000,0.0001527067267313125,61083.0
Cramlington and Killingworth,2,18805831.0,18805831.0,37611662.0,10000,0.00025451121121885416,101804.0
Brighton Kemptown and Peacehaven,2,4000010.0,4000010.0,8000020.0,10000,0.00025451121121885416,101804.0
Croydon East,2,4732593.0,4732593.0,9465187.0,10000,0.00025451121121885416,101804.0
Penistone and Stocksbridge,2,2966865.0,2966865.0,5933731.0,8500,0.00021633452953602605,86534.0
Calder Valley,2,3763934.0,3763934.0,7527868.0,7500,0.00019088340841414065,76353.0
The Wrekin,2,7693924.0,7693924.0,15387847.0,10000,0.00025451121121885416,101804.0
North East Derbyshire,2,2482676.0,2482676.0,4965353.0,6000,0.0001527067267313125,61083.0
Smethwick,2,21633684.0,21633684.0,43267368.0,10000,0.00025451121121885416,101804.0
Oldham East and Saddleworth,2,8172718.0,8172718.0,16345436.0,12500,0.00031813901402356773,127256.0
Northampton South,2,3437357.0,3437357.0,6874714.0,8500,0.00021633452953602605,86534.0
Norwich South,2,4040694.0,4040694.0,8081387.0,10000,0.00025451121121885416,101804.0
Shipley,1,2324783.0,2324783.0,2324783.0,2500,6.362780280471354e-05,25451.0
Houghton and Sunderland South,1,3321118.0,3321118.0,3321118.0,5000,0.00012725560560942708,50902.0
Bexleyheath and Crayford,1,2214079.0,2214079.0,2214079.0,2500,6.362780280471354e-05,25451.0
Beverley and Holderness,1,2989006.0,2989006.0,2989006.0,3500,8.907892392659897e-05,35632.0
Southend West and Leigh,1,2286036.0,2286036.0,2286036.0,2500,6.362780280471354e-05,25451.0
Ceredigion Preseli,1,3044358.0,3044358.0,3044358.0,3500,8.907892392659897e-05,35632.0
Solihull West and Shirley,1,2435487.0,2435487.0,2435487.0,2500,6.362780280471354e-05,25451.0
Selby,1,3770646.0,3770646.0,3770646.0,5000,0.00012725560560942708,50902.0
Kingston upon Hull East,1,26901056.0,26901056.0,26901056.0,7500,0.00019088340841414065,76353.0
Sheffield Brightside and Hillsborough,1,132844723.0,132844723.0,132844723.0,7500,0.00019088340841414065,76353.0
Barnsley South,1,2380135.0,2380135.0,2380135.0,2500,6.362780280471354e-05,25451.0
Wolverhampton North East,1,2922584.0,2922584.0,2922584.0,3500,8.907892392659897e-05,35632.0
Ashton-under-Lyne,1,2463163.0,2463163.0,2463163.0,2500,6.362780280471354e-05,25451.0
Whitehaven and Workington,1,2753136.0,2753136.0,2753136.0,3500,8.907892392659897e-05,35632.0
Havant,1,5678678.0,5678678.0,5678678.0,7500,0.00019088340841414065,76353.0
South Shropshire,1,3321118.0,3321118.0,3321118.0,5000,0.00012725560560942708,50902.0
Liverpool Walton,1,2411132.0,2411132.0,2411132.0,2500,6.362780280471354e-05,25451.0
Great Yarmouth,1,5424493.0,5424493.0,5424493.0,7500,0.00019088340841414065,76353.0
Liverpool Wavertree,1,13119841.0,13119841.0,13119841.0,7500,0.00019088340841414065,76353.0
Brigg and Immingham,1,5767823.0,5767823.0,5767823.0,7500,0.00019088340841414065,76353.0
Dudley,1,3210414.0,3210414.0,3210414.0,5000,0.00012725560560942708,50902.0
Ellesmere Port and Bromborough,1,20535580.0,20535580.0,20535580.0,7500,0.00019088340841414065,76353.0
Norwich North,1,4959536.0,4959536.0,4959536.0,5000,0.00012725560560942708,50902.0
Old Bexley and Sidcup,1,2546191.0,2546191.0,2546191.0,2500,6.362780280471354e-05,25451.0
Fareham and Waterlooville,1,2299321.0,2299321.0,2299321.0,2500,6.362780280471354e-05,25451.0
Bridgend,1,4480742.0,4480742.0,4480742.0,5000,0.00012725560560942708,50902.0
Neath and Swansea East,1,7162545.0,7162545.0,7162545.0,7500,0.00019088340841414065,76353.0
Blaenau Gwent and Rhymney,1,4428157.0,4428157.0,4428157.0,5000,0.00012725560560942708,50902.0
Wallasey,1,2922584.0,2922584.0,2922584.0,3500,8.907892392659897e-05,35632.0
Stockton West,1,2214079.0,2214079.0,2214079.0,2500,6.362780280471354e-05,25451.0
Birmingham Hall Green and Moseley,1,2380135.0,2380135.0,2380135.0,2500,6.362780280471354e-05,25451.0
Gateshead Central and Whickham,1,19373189.0,19373189.0,19373189.0,7500,0.00019088340841414065,76353.0
Stockton North,1,5369141.0,5369141.0,5369141.0,7500,0.00019088340841414065,76353.0
Coventry North West,1,16911664.0,16911664.0,16911664.0,7500,0.00019088340841414065,76353.0
Birmingham Yardley,1,3099710.0,3099710.0,3099710.0,3500,8.907892392659897e-05,35632.0
West Bromwich,1,17325582.0,17325582.0,17325582.0,7500,0.00019088340841414065,76353.0
Birmingham Perry Barr,1,3017302.0,3017302.0,3017302.0,3500,8.907892392659897e-05,35632.0
Redcar,1,4954001.0,4954001.0,4954001.0,5000,0.00012725560560942708,50902.0
Rhondda and Ogmore,1,3316741.0,3316741.0,3316741.0,5000,0.00012725560560942708,50902.0
City of Durham,1,3321118.0,3321118.0,3321118.0,5000,0.00012725560560942708,50902.0
Newton Aycliffe and Spennymoor,1,5037029.0,5037029.0,5037029.0,5000,0.00012725560560942708,50902.0
