constituency_name,num_sales,mean_price,median_price,total_value,estimated_annual_revenue
Cities of London and Westminster,768,9045976.0,4142500.0,6947309822,1536000
Kensington and Bayswater,559,5368782.0,3354050.0,3001149244,1118000
Chelsea and Fulham,386,4212821.0,3000000.0,1626148970,772000
Hampstead and Highgate,235,4279633.0,3150000.0,1005713755,470000
Richmond Park,147,3662883.0,2840000.0,538443737,294000
Islington South and Finsbury,140,5011971.0,2700000.0,701675881,280000
Holborn and St Pancras,140,6644108.0,3367500.0,930175126,280000
Battersea,136,9183686.0,2875000.0,1248981267,272000
Hammersmith and Chiswick,125,5282634.0,2700000.0,660329251,250000
Finchley and Golders Green,110,4699286.0,3158750.0,516921509,220000
Runnymede and Weybridge,99,4775992.0,3375000.0,472823219,198000
Wimbledon,90,3896358.0,2850000.0,350672226,180000
Queen's Park and Maida Vale,86,3929866.0,2580000.0,337968500,172000
Windsor,78,5231045.0,3100000.0,408021527,156000
Esher and Walton,77,2974851.0,2600000.0,229063548,154000
Ealing Central and Acton,77,4670409.0,2585450.0,359621501,154000
Harpenden and Berkhamsted,57,2739204.0,2350000.0,156134646,114000
Tooting,56,3628339.0,2827500.0,203186984,112000
Twickenham,54,3644988.0,2500000.0,196829346,108000
Chesham and Amersham,54,2703431.0,2525000.0,145985258,108000
Beaconsfield,52,3695282.0,2720000.0,192154673,104000
Dulwich and West Norwood,49,3318220.0,2700000.0,162592765,98000
Hornsey and Friern Barnet,48,2405833.0,2325000.0,115480000,96000
Bermondsey and Old Southwark,46,7347807.0,2846875.0,337999136,92000
Hackney South and Shoreditch,46,4904740.0,2650000.0,225618051,92000
Putney,45,3039867.0,2500000.0,136794000,90000
Hertsmere,44,4598493.0,3025000.0,202333671,88000
Maidenhead,42,4498276.0,2812500.0,188927590,84000
Islington North,40,3000908.0,2490000.0,120036300,80000
Oxford West and Abingdon,39,4850002.0,3250000.0,189150070,78000
South West Hertfordshire,38,3456697.0,2475000.0,131354500,76000
North Cotswolds,38,3493100.0,3093250.0,132737800,76000
Bath,35,4115955.0,3000000.0,144058416,70000
Guildford,35,3279836.0,2525000.0,114794270,70000
Godalming and Ash,35,4404359.0,2870000.0,154152572,70000
Epping Forest,35,4553256.0,2650000.0,159363944,70000
Vauxhall and Camberwell Green,33,8882803.0,3550000.0,293132506,66000
Tatton,33,3800270.0,3000000.0,125408915,66000
Arundel and South Downs,33,3199656.0,2750000.0,105588654,66000
Banbury,33,7902990.0,3100000.0,260798660,66000
Poole,33,5026241.0,2800000.0,165865950,66000
Manchester Central,32,9692747.0,7225000.0,310167912,64000
Winchester,32,3429000.0,2475000.0,109728000,64000
Reigate,32,3862803.0,2667500.0,123609685,64000
Sevenoaks,31,4993954.0,2800000.0,154812589,62000
Henley and Thame,30,5817742.0,2550000.0,174532261,60000
Reading Central,30,4936540.0,5911197.0,148096190,60000
Brentwood and Ongar,30,3345669.0,2600000.0,100370066,60000
Clapham and Brixton Hill,30,3128750.0,2493750.0,93862500,60000
Greenwich and Woolwich,29,7684050.0,3250000.0,222837458,58000
Farnham and Bordon,28,3026253.0,2537500.0,84735073,56000
Poplar and Limehouse,27,23626589.0,4200000.0,637917907,54000
Woking,27,3786833.0,2625000.0,102244500,54000
Bristol Central,27,9990270.0,3500000.0,269737291,54000
Wycombe,26,4540531.0,3050000.0,118053800,52000
East Hampshire,26,4967414.0,3275000.0,129152775,52000
Chichester,26,3463020.0,2786000.0,90038509,52000
Newbury,26,5143330.0,3252500.0,133726587,52000
Bromley and Biggin Hill,26,4090577.0,3075000.0,106355000,52000
New Forest East,25,8199890.0,2800000.0,204997255,50000
Hendon,24,5410564.0,3575000.0,129853532,48000
Cambridge,24,5146750.0,3075000.0,123522000,48000
South Cotswolds,24,4345875.0,2747500.0,104301004,48000
Southgate and Wood Green,23,3634123.0,2900000.0,83584830,46000
Birmingham Ladywood,23,12214797.0,8921884.0,280940334,46000
Chipping Barnet,23,5690048.0,2790000.0,130871112,46000
Hove and Portslade,22,3584146.0,2454598.0,78851204,44000
St Albans,22,5349218.0,2650000.0,117682790,44000
Reading West and Mid Berkshire,22,4905711.0,3040000.0,107925641,44000
Daventry,22,11717581.0,2879375.0,257786772,44000
East Grinstead and Uckfield,22,3560381.0,2508000.0,78328375,44000
North Cornwall,21,4506322.0,3500000.0,94632769,42000
Brent East,21,4283595.0,2827500.0,89955500,42000
Cardiff South and Penarth,20,11543417.0,4450000.0,230868342,40000
Streatham and Croydon North,20,3069120.0,2387500.0,61382394,40000
Mid Sussex,19,3329821.0,2850000.0,63266597,38000
Salford,19,8015807.0,6040000.0,152300324,38000
South Cambridgeshire,19,2612001.0,2397350.0,49628011,38000
Tunbridge Wells,19,4448987.0,3000000.0,84530758,38000
Welwyn Hatfield,18,4605087.0,3350000.0,82891573,36000
Newcastle upon Tyne Central and West,18,10037204.0,5675080.0,180669666,36000
East Surrey,18,2560032.0,2435000.0,46080583,36000
Kingston and Surbiton,18,3708056.0,2610000.0,66745000,36000
Bethnal Green and Stepney,18,18370080.0,8687500.0,330661448,36000
Altrincham and Sale West,18,4559106.0,2550000.0,82063900,36000
Hackney North and Stoke Newington,18,3024306.0,2292500.0,54437500,36000
Stratford-on-Avon,18,3396889.0,2955000.0,61144000,36000
Dorking and Horley,17,3322465.0,2800000.0,56481900,34000
York Central,17,13717975.0,5250000.0,233205579,34000
Witney,17,5830882.0,2900000.0,99125000,34000
Lewisham North,17,6384735.0,3000000.0,108540500,34000
Leyton and Wanstead,17,3233051.0,2725000.0,54961869,34000
Harrogate and Knaresborough,17,6085599.0,3348800.0,103455180,34000
Wetherby and Easingwold,16,4916682.0,2500000.0,78666904,32000
Croydon West,16,9581687.0,2800000.0,153306999,32000
Epsom and Ewell,16,3169016.0,2525000.0,50704249,32000
Liverpool Riverside,16,12000427.0,6625000.0,192006828,32000
Exeter,16,4466357.0,4000000.0,71461705,32000
North West Essex,16,3933344.0,2452500.0,62933501,32000
Basildon and Billericay,15,7921596.0,6000000.0,118823934,30000
"Ruislip, Northwood and Pinner",15,3084167.0,2400000.0,46262500,30000
Meriden and Solihull East,14,4624614.0,3025000.0,64744592,28000
Watford,14,6581630.0,3025000.0,92142821,28000
North West Hampshire,14,5549262.0,2944125.0,77689663,28000
Stretford and Urmston,14,10299720.0,6040000.0,144196084,28000
Knowsley,14,4745286.0,4229500.0,66434005,28000
Romsey and Southampton North,14,3841357.0,2787500.0,53779000,28000
Wokingham,14,3493101.0,2970000.0,48903420,28000
Eastbourne,14,7989332.0,5138831.0,111850648,28000
South Northamptonshire,13,3621154.0,2200000.0,47075000,26000
Luton South and South Bedfordshire,13,5506825.0,4000000.0,71588719,26000
Croydon South,13,3980966.0,2815997.0,51752557,26000
Leeds South,13,14701416.0,7000000.0,191118406,26000
Coventry East,13,8502798.0,3700000.0,110536375,26000
Mid Buckinghamshire,13,4033565.0,2325000.0,52436351,26000
Thornbury and Yate,13,8864918.0,4609753.0,115243935,26000
Manchester Rusholme,13,6603250.0,4350000.0,85842250,26000
Salisbury,13,2839227.0,2620000.0,36909956,26000
Hertford and Stortford,13,4987538.0,3600000.0,64837989,26000
Macclesfield,13,2884231.0,2575000.0,37495000,26000
Frome and East Somerset,12,3700533.0,2616531.0,44406395,24000
Bicester and Woodstock,12,4788692.0,3325000.0,57464299,24000
Mid Bedfordshire,12,4985021.0,2487500.0,59820257,24000
Canterbury,12,5058323.0,2276365.0,60699880,24000
Enfield North,12,8513419.0,6037500.0,102161028,24000
Truro and Falmouth,12,3097686.0,2261880.0,37172234,24000
Tottenham,12,7175547.0,2725000.0,86106567,24000
Hayes and Harlington,12,13592697.0,6325000.0,163112365,24000
South West Norfolk,12,5238750.0,2835000.0,62865000,24000
Northampton North,12,5666836.0,3650000.0,68002033,24000
Droitwich and Evesham,12,7197917.0,4312500.0,86375000,24000
Thurrock,12,9623699.0,4026525.0,115484390,24000
Sheffield Central,12,10101758.0,6100058.0,121221093,24000
Rutland and Stamford,12,3448750.0,2550000.0,41385000,24000
Nottingham South,11,10506149.0,5198000.0,115567639,22000
North West Norfolk,11,3033717.0,2275000.0,33370885,22000
North Northumberland,11,6742665.0,6030772.0,74169319,22000
Nottingham East,11,6212952.0,6000000.0,68342469,22000
South Devon,11,3110204.0,2450000.0,34212245,22000
Tonbridge,11,4301080.0,4468218.0,47311881,22000
Filton and Bradley Stoke,11,3403504.0,3525000.0,37438544,22000
Hemel Hempstead,11,3662273.0,2200000.0,40285000,22000
Portsmouth South,11,12207821.0,13840000.0,134286028,22000
Torbay,11,2784590.0,2800000.0,30630494,22000
Sussex Weald,11,5883931.0,3000000.0,64723244,22000
Gower,11,4161818.0,4500000.0,45780000,22000
Spelthorne,11,5038140.0,4210476.0,55419535,22000
North East Hampshire,11,3445848.0,2775000.0,37904333,22000
Melton and Syston,10,3257900.0,2725000.0,32579000,20000
Hornchurch and Upminster,10,2313000.0,2337500.0,23130000,20000
Kenilworth and Southam,10,5800100.0,2725000.0,58001000,20000
Newcastle-under-Lyme,10,6142360.0,6425000.0,61423605,20000
Eltham and Chislehurst,10,2724500.0,2600000.0,27245000,20000
Hamble Valley,10,11378162.0,5269000.0,113781623,20000
East Wiltshire,10,2699000.0,2362500.0,26990000,20000
New Forest West,10,4083500.0,2642500.0,40834995,20000
Leeds Central and Headingley,10,6715744.0,5295000.0,67157442,20000
Lewisham West and East Dulwich,10,2569700.0,2495000.0,25697000,20000
Worcester,10,6605500.0,6500000.0,66055000,20000
Beckenham and Penge,10,3447910.0,2250000.0,34479100,20000
Bexhill and Battle,10,3597306.0,3210000.0,35973061,20000
Westmorland and Lonsdale,10,4372753.0,3075000.0,43727533,20000
Cheltenham,10,4082646.0,3075000.0,40826459,20000
Skipton and Ripon,10,3256786.0,2750000.0,32567858,20000
Bury St Edmunds and Stowmarket,10,3920771.0,3036354.0,39207709,20000
Bury South,10,4781079.0,3780980.0,47810787,20000
Surrey Heath,10,8534650.0,9250000.0,85346500,20000
South Suffolk,10,16162834.0,2575000.0,161628338,20000
Peckham,10,3101775.0,2466500.0,31017750,20000
Isle of Wight East,10,2778005.0,2520000.0,27780050,20000
Ealing Southall,9,3836111.0,3225000.0,34525000,18000
Manchester Withington,9,3318464.0,2822017.0,29866176,18000
Mid Leicestershire,9,4290017.0,2300000.0,38610149,18000
Sittingbourne and Sheppey,9,11649881.0,7150000.0,104848933,18000
Stourbridge,9,6873493.0,3500000.0,61861438,18000
Southampton Itchen,9,9611111.0,3500000.0,86500000,18000
Stockport,9,3442110.0,2870000.0,30978994,18000
Milton Keynes North,9,9361111.0,3000000.0,84250000,18000
Telford,9,5949302.0,5142250.0,53543716,18000
Tewkesbury,9,7896160.0,2275000.0,71065439,18000
Leicester South,9,4121565.0,2825000.0,37094087,18000
Warwick and Leamington,9,11083138.0,3100000.0,99748246,18000
Herne Bay and Sandwich,9,4652455.0,3325000.0,41872099,18000
Horsham,9,3492444.0,2200000.0,31432000,18000
Scarborough and Whitby,9,5664219.0,3671233.0,50977970,18000
Isle of Wight West,9,7323671.0,2600000.0,65913035,18000
North Herefordshire,9,4077985.0,4249995.0,36701864,18000
Edmonton and Winchmore Hill,9,3795341.0,2713075.0,34158069,18000
Dartford,9,6032564.0,7025000.0,54293073,18000
Rugby,9,11958889.0,6000000.0,107630000,18000
Exmouth and Exeter East,9,5788402.0,2774645.0,52095618,18000
Didcot and Wantage,9,2773333.0,2500000.0,24960000,18000
Romford,9,4953889.0,3870000.0,44585000,18000
North East Hertfordshire,9,3457049.0,2295000.0,31113444,18000
Doncaster Central,9,3535376.0,3100000.0,31818381,18000
West Lancashire,8,4020875.0,3150000.0,32167000,16000
Llanelli,8,3686841.0,3200000.0,29494730,16000
North Bedfordshire,8,3196969.0,2875000.0,25575750,16000
Bognor Regis and Littlehampton,8,6747794.0,4912500.0,53982351,16000
Hereford and South Herefordshire,8,5274639.0,4542500.0,42197111,16000
West Dorset,8,3713406.0,2881124.0,29707247,16000
Central Suffolk and North Ipswich,8,9685375.0,2650000.0,77483000,16000
West Worcestershire,8,3245000.0,3030000.0,25960000,16000
Hitchin,8,3746766.0,3285000.0,29974127,16000
Orpington,8,3355250.0,2525000.0,26842000,16000
Wirral West,8,3243732.0,2849996.0,25949857,16000
Aylesbury,8,9190692.0,3350000.0,73525536,16000
North Devon,8,5513139.0,2725000.0,44105115,16000
Wyre Forest,8,3807183.0,3427733.0,30457467,16000
Ashford,8,9321480.0,3072631.0,74571840,16000
Keighley and Ilkley,8,4756875.0,2937500.0,38055000,16000
Ashfield,8,5427366.0,2825000.0,43418932,16000
Tamworth,8,7415645.0,6052500.0,59325161,16000
Bracknell,8,7254593.0,3550000.0,58036745,16000
Maldon,8,2485962.0,2182500.0,19887700,16000
Bromsgrove,8,6690217.0,3525000.0,53521735,16000
Feltham and Heston,8,5431875.0,3562500.0,43455000,16000
Sheffield South East,8,20343564.0,7100000.0,162748512,16000
Chelmsford,8,3720723.0,2523000.0,29765782,16000
Rossendale and Darwen,8,7376859.0,4410000.0,59014869,16000
Glastonbury and Somerton,8,4216325.0,2675000.0,33730600,16000
Congleton,8,5653854.0,4400000.0,45230829,16000
Buckingham and Bletchley,8,5075000.0,4000000.0,40600000,16000
Corby and East Northamptonshire,8,5139211.0,3860400.0,41113689,16000
Ealing North,8,6999650.0,4682496.0,55997199,16000
Broxbourne,8,4563750.0,2687500.0,36510000,16000
Stratford and Bow,8,9180576.0,5375000.0,73444612,16000
St Ives,8,3495375.0,3780000.0,27963000,16000
Oxford East,8,9561000.0,4172500.0,76488000,16000
Peterborough,8,3647500.0,3000000.0,29180000,16000
Weald of Kent,7,6724839.0,4145667.0,47073870,14000
Melksham and Devizes,7,2805000.0,3050000.0,19635000,14000
Yeovil,7,3734206.0,2750000.0,26139444,14000
Milton Keynes Central,7,17544562.0,18600000.0,122811936,14000
Rushcliffe,7,7597536.0,2700000.0,53182750,14000
Tiverton and Minehead,7,4216493.0,3325000.0,29515449,14000
Newark,7,4340365.0,2650000.0,30382554,14000
Lewes,7,3567143.0,2500000.0,24970000,14000
Wells and Mendip Hills,7,5441415.0,2650000.0,38089907,14000
Maidstone and Malling,7,5118214.0,3450000.0,35827500,14000
North Somerset,7,3544118.0,2750000.0,24808824,14000
North West Cambridgeshire,7,6410671.0,3212500.0,44874698,14000
Wakefield and Rothwell,7,3018988.0,2500000.0,21132916,14000
Stroud,7,3068000.0,2500000.0,21476000,14000
St Helens North,7,4314307.0,4229500.0,30200150,14000
St Austell and Newquay,7,2707857.0,2650000.0,18955000,14000
Sutton Coldfield,7,10456479.0,4900000.0,73195350,14000
York Outer,7,3315857.0,3000000.0,23211000,14000
Chester South and Eddisbury,7,5055000.0,2400000.0,35385000,14000
Gravesham,7,13491493.0,3800000.0,94440454,14000
Bristol South,7,7429980.0,3099869.0,52009857,14000
Basingstoke,7,4199286.0,3800000.0,29395000,14000
Bedford,7,8993406.0,4793840.0,62953840,14000
Bristol North West,7,8736118.0,2492829.0,61152829,14000
Bradford South,7,4676737.0,4080000.0,32737161,14000
Braintree,7,9997517.0,2676000.0,69982618,14000
Cardiff North,7,12307143.0,8845000.0,86150000,14000
Brighton Pavilion,7,4049484.0,2350000.0,28346389,14000
Birmingham Erdington,7,5202143.0,3425000.0,36415000,14000
Crawley,7,14879185.0,6480000.0,104154298,14000
Brentford and Isleworth,7,19968297.0,9678082.0,139778082,14000
Harlow,7,6063920.0,4250000.0,42447437,14000
Derby South,7,3668356.0,3365408.0,25678495,14000
Bolsover,7,12254206.0,10050000.0,85779444,14000
Waveney Valley,6,4410899.0,4925000.0,26465395,12000
Mid Norfolk,6,6532252.0,3302500.0,39193515,12000
South West Wiltshire,6,3014998.0,3174999.0,18089990,12000
Ribble Valley,6,2935333.0,2788000.0,17612000,12000
Uxbridge and South Ruislip,6,11328833.0,3707500.0,67973000,12000
Southampton Test,6,8935871.0,2525000.0,53615227,12000
Rochester and Strood,6,5138591.0,4295463.0,30831548,12000
Portsmouth North,6,3284534.0,2550000.0,19707202,12000
Clwyd North,6,2967426.0,2813304.0,17804554,12000
Thirsk and Malton,6,5011025.0,3755500.0,30066149,12000
Harrow East,6,4024167.0,3275000.0,24145000,12000
Ely and East Cambridgeshire,6,5217500.0,3250000.0,31304999,12000
Newcastle upon Tyne North,6,3211250.0,2975000.0,19267500,12000
East Worthing and Shoreham,6,10833445.0,3625335.0,65000670,12000
Sleaford and North Hykeham,6,7763056.0,8475169.0,46578338,12000
Earley and Woodley,6,8945833.0,7050000.0,53675000,12000
Dover and Deal,6,2560732.0,2377194.0,15364389,12000
Nuneaton,6,4654245.0,3290000.0,27925472,12000
Chingford and Woodford Green,6,2725833.0,2412500.0,16355000,12000
Gloucester,6,7872806.0,5135917.0,47236834,12000
Camborne and Redruth,6,3545667.0,3517000.0,21274000,12000
South Ribble,6,6012922.0,3428765.0,36077530,12000
Wrexham,6,3479167.0,3100000.0,20875000,12000
Barking,6,6574724.0,5974170.0,39448341,12000
Cheadle,6,3824692.0,3552368.0,22948152,12000
West Suffolk,6,2459747.0,2325000.0,14758480,12000
Hinckley and Bosworth,6,3150833.0,2625000.0,18905000,12000
Hexham,6,3512816.0,2893480.0,21076897,12000
Harrow West,6,9090153.0,3382960.0,54540919,12000
South Dorset,6,2803333.0,2675000.0,16820000,12000
Ilford North,6,4048750.0,3715000.0,24292500,12000
Bradford East,5,4324672.0,3800000.0,21623361,10000
Worthing West,5,2985000.0,2500000.0,14925000,10000
Carlisle,5,5773579.0,3300000.0,28867894,10000
Cardiff West,5,3088973.0,3300000.0,15444863,10000
Swindon South,5,3120000.0,3250000.0,15600000,10000
Bristol East,5,5659362.0,4150000.0,28296808,10000
Normanton and Hemsworth,5,7203908.0,4250000.0,36019539,10000
Ilford South,5,7205237.0,5407292.0,36026187,10000
Stafford,5,13119884.0,5175000.0,65599421,10000
North Dorset,5,3241300.0,3450000.0,16206500,10000
Monmouthshire,5,2381000.0,2100000.0,11905000,10000
Honiton and Sidmouth,5,2569247.0,2500000.0,12846237,10000
Wythenshawe and Sale East,5,8169998.0,5600000.0,40849992,10000
Brent West,5,15098000.0,6290000.0,75489999,10000
Dunstable and Leighton Buzzard,5,10592197.0,4284000.0,52960985,10000
North Shropshire,5,5982129.0,3710646.0,29910646,10000
South Basildon and East Thurrock,5,17988568.0,5216838.0,89942838,10000
Derbyshire Dales,5,6391835.0,2800000.0,31959173,10000
Preston,5,4103866.0,3700000.0,20519331,10000
Sefton Central,5,3084000.0,2900000.0,15420000,10000
Derby North,5,13045013.0,12215064.0,65225064,10000
Leicester West,5,5795473.0,5740000.0,28977365,10000
Louth and Horncastle,5,4335012.0,3000000.0,21675061,10000
Chippenham,5,4416685.0,2380000.0,22083427,10000
Burton and Uttoxeter,5,4098350.0,4900000.0,20491750,10000
Washington and Gateshead South,5,14980000.0,18100000.0,74900000,10000
Birmingham Edgbaston,5,5182000.0,2300000.0,25910000,10000
Warrington South,5,7542000.0,7050000.0,37710000,10000
Gorton and Denton,5,2905000.0,3000000.0,14525000,10000
Mansfield,5,6950399.0,2800000.0,34751994,10000
Caerfyrddin,5,4502598.0,3425000.0,22512992,10000
Witham,5,4465600.0,4000000.0,22328000,10000
Christchurch,5,8475000.0,2400000.0,42375000,10000
South Leicestershire,5,4193581.0,2300000.0,20967906,10000
Widnes and Halewood,5,9160556.0,4533332.0,45802782,10000
Nottingham North and Kimberley,5,7298101.0,2380000.0,36490507,10000
Clacton,5,2978951.0,3000000.0,14894756,10000
Carshalton and Wallington,5,7330000.0,7500000.0,36650000,10000
Broadland and Fakenham,5,6733200.0,7541500.0,33666000,10000
Middlesbrough and Thornaby East,5,4471684.0,3400000.0,22358421,10000
Bassetlaw,5,17161082.0,7000000.0,85805410,10000
Plymouth Sutton and Devonport,4,4152500.0,4755000.0,16610000,8000
Runcorn and Helsby,4,8663750.0,4436500.0,34655000,8000
Chesterfield,4,3513208.0,3300000.0,14052834,8000
Colchester,4,6796250.0,5782500.0,27185000,8000
Darlington,4,10506741.0,9630000.0,42026963,8000
Shrewsbury,4,4777500.0,4975000.0,19110000,8000
Stoke-on-Trent Central,4,5436250.0,2572500.0,21745000,8000
Oldham East and Saddleworth,4,4703750.0,2650000.0,18815000,8000
"Oldham West, Chadderton and Royton",4,4823018.0,4621035.0,19292070,8000
Dagenham and Rainham,4,5189175.0,5312500.0,20756701,8000
Burnley,4,4082000.0,4487500.0,16328000,8000
Broxtowe,4,3909938.0,3116678.0,15639752,8000
Southport,4,7819840.0,4714680.0,31279361,8000
St Neots and Mid Cambridgeshire,4,3758479.0,3417500.0,15033917,8000
Sheffield Heeley,4,5505000.0,4750000.0,22020000,8000
Redditch,4,15275000.0,4800000.0,61100000,8000
Bristol North East,4,3869118.0,2949500.0,15476470,8000
"Pontefract, Castleford and Knottingley",4,5271088.0,4907175.0,21084350,8000
South Holland and The Deepings,4,3260409.0,3235000.0,13041637,8000
East Thanet,4,5865764.0,2731529.0,23463058,8000
Mid Dorset and North Poole,4,5062500.0,5250000.0,20250000,8000
Torridge and Tavistock,4,6878094.0,3420000.0,27512374,8000
Walsall and Bloxwich,4,5916260.0,3200000.0,23665041,8000
Halifax,4,6801102.0,4437614.0,27204407,8000
"Harborough, Oadby and Wigston",4,2806435.0,2640370.0,11225739,8000
Luton North,4,7206857.0,7965000.0,28827427,8000
Wellingborough and Rushden,4,4449500.0,2737500.0,17798000,8000
Loughborough,4,2720000.0,2780000.0,10880000,8000
Hartlepool,4,3228199.0,3262500.0,12912796,8000
Weston-super-Mare,4,3712693.0,2744096.0,14850771,8000
Leicester East,4,9784579.0,9358100.0,39138317,8000
Leeds North West,4,2916250.0,2562500.0,11665000,8000
Leeds East,4,9171371.0,6090000.0,36685483,8000
Lancaster and Wyre,4,3229888.0,2599775.0,12919550,8000
Wolverhampton West,4,5000000.0,5575000.0,20000000,8000
Worsley and Eccles,4,2585866.0,2218761.0,10343462,8000
Huddersfield,4,10597500.0,4400000.0,42390000,8000
Alyn and Deeside,4,3690000.0,2205000.0,14760000,8000
Huntingdon,4,8857864.0,7711652.0,35431456,8000
Mid Derbyshire,4,2777500.0,2380000.0,11110000,8000
Slough,4,31381250.0,10972500.0,125525000,8000
Swindon North,4,3925259.0,3517774.0,15701035,8000
North West Leicestershire,4,23065580.0,2685000.0,92262320,8000
Suffolk Coastal,4,2104670.0,2100000.0,8418680,8000
Doncaster East and the Isle of Axholme,4,3368750.0,3207500.0,13475000,8000
Doncaster North,4,10650000.0,4512500.0,42600000,8000
Easington,4,3953700.0,2617400.0,15814800,8000
Newport East,4,7312500.0,7562500.0,29250000,8000
Bridgwater,4,16443750.0,2762500.0,65774999,8000
North Norfolk,4,3384125.0,2675000.0,13536500,8000
Sutton and Cheam,4,3122250.0,3050000.0,12489000,8000
Stalybridge and Hyde,3,4275000.0,2975000.0,12825000,6000
West Ham and Beckton,3,3591667.0,3150000.0,10775000,6000
Staffordshire Moorlands,3,2434489.0,2330000.0,7303466,6000
South Norfolk,3,6490000.0,6490000.0,19470000,6000
Birkenhead,3,4082524.0,3250000.0,12247573,6000
Taunton and Wellington,3,8251667.0,2440000.0,24755000,6000
Stevenage,3,11091667.0,10000000.0,33275000,6000
Barnsley North,3,13925924.0,14377771.0,41777771,6000
Birmingham Perry Barr,3,2691853.0,2725560.0,8075560,6000
Wolverhampton South East,3,6041666.0,7000000.0,18124999,6000
South Derbyshire,3,5171859.0,5171859.0,15515577,6000
Bridlington and The Wolds,3,6886112.0,4873335.0,20658335,6000
"Stone, Great Wyrley and Penkridge",3,7205000.0,2500000.0,21615000,6000
Birmingham Northfield,3,6174170.0,5795545.0,18522510,6000
Bury North,3,9785493.0,11680000.0,29356479,6000
Sunderland Central,3,3409230.0,3000000.0,10227690,6000
Southend East and Rochford,3,3200000.0,2550000.0,9600000,6000
Spen Valley,3,2783333.0,2300000.0,8350000,6000
Boston and Skegness,3,5107927.0,4965000.0,15323782,6000
Bootle,3,6238333.0,4515000.0,18715000,6000
Tipton and Wednesbury,3,3545574.0,3943541.0,10636723,6000
Bolton South and Walkden,3,4087769.0,4768307.0,12263307,6000
Torfaen,3,11468333.0,14990000.0,34405000,6000
Tynemouth,3,3836016.0,3050000.0,11508048,6000
Stoke-on-Trent South,3,25916667.0,34700000.0,77750000,6000
Bournemouth West,3,4366667.0,3100000.0,13100000,6000
Vale of Glamorgan,3,3459622.0,3500000.0,10378866,6000
Walthamstow,3,9555000.0,2790000.0,28665000,6000
Warrington North,3,6399997.0,5400000.0,19199991,6000
Birmingham Selly Oak,3,12555572.0,4249999.0,37666715,6000
Bradford West,3,3875000.0,2650000.0,11624999,6000
St Helens South and Whiston,3,22567861.0,5671082.0,67703582,6000
"Brecon, Radnor and Cwm Tawe",3,4597932.0,4419777.0,13793797,6000
Stoke-on-Trent North,3,4500000.0,5000000.0,13499999,6000
Ipswich,3,9640000.0,4000000.0,28920000,6000
Aberafan Maesteg,3,5832857.0,4814761.0,17498572,6000
Fylde,3,9650000.0,2100000.0,28950000,6000
Rayleigh and Wickford,3,2216667.0,2100000.0,6650000,6000
Makerfield,3,3971085.0,3513254.0,11913254,6000
Penrith and Solway,3,2933332.0,3149995.0,8799995,6000
Gillingham and Rainham,3,3847000.0,3750000.0,11541000,6000
Pendle and Clitheroe,3,2973333.0,2000000.0,8920000,6000
Crewe and Nantwich,3,12487500.0,6922500.0,37462500,6000
Ossett and Denby Dale,3,2466667.0,2100000.0,7400000,6000
Gainsborough,3,5049856.0,4107978.0,15149569,6000
Mid and South Pembrokeshire,3,3300000.0,3300000.0,9900000,6000
Lichfield,3,3311896.0,2700000.0,9935687,6000
Dewsbury and Batley,3,8236569.0,11204853.0,24709706,6000
North Warwickshire and Bedworth,3,3100000.0,2650000.0,9300000,6000
Folkestone and Hythe,3,2063333.0,2000000.0,6190000,6000
Dwyfor Meirionnydd,3,4432392.0,3960001.0,13297177,6000
Mitcham and Morden,3,3593333.0,3000000.0,10780000,6000
Morecambe and Lunesdale,3,7250000.0,3750000.0,21750000,6000
Faversham and Mid Kent,3,3263333.0,3800000.0,9790000,6000
Newport West and Islwyn,3,16553585.0,7578094.0,49660756,6000
Lincoln,3,11628265.0,7100000.0,34884796,6000
Coventry South,3,2754078.0,2435000.0,8262233,6000
Richmond and Northallerton,3,4341667.0,4850000.0,13025000,6000
Chester North and Neston,3,4480000.0,5000000.0,13440000,6000
Jarrow and Gateshead East,3,6841476.0,5300000.0,20524427,6000
Kettering,3,8716667.0,4750000.0,26150000,6000
Kingston upon Hull North and Cottingham,3,2433333.0,2400000.0,7300000,6000
Kingston upon Hull West and Haltemprice,3,2741173.0,2123520.0,8223520,6000
Sheffield Hallam,3,2170000.0,2150000.0,6510000,6000
Kingswinford and South Staffordshire,3,3441667.0,2535000.0,10325000,6000
Heywood and Middleton North,3,4434413.0,2160000.0,13303239,6000
Leeds North East,3,9383333.0,4950000.0,28150000,6000
Scunthorpe,3,3275000.0,2600000.0,9825000,6000
Rochdale,3,10200000.0,4450000.0,30600000,6000
Hazel Grove,3,4005169.0,2300000.0,12015506,6000
Chatham and Aylesford,3,3936448.0,3109345.0,11809345,6000
Central Devon,3,3653333.0,2250000.0,10960000,6000
Hastings and Rye,3,6965666.0,4096999.0,20896999,6000
Aldershot,3,9516667.0,4000000.0,28550000,6000
Newcastle upon Tyne East and Wallsend,3,11427726.0,3200000.0,34283179,6000
Lewisham East,3,11556333.0,4000000.0,34669000,6000
Blackburn,2,4214500.0,4214500.0,8428999,4000
Blackley and Middleton South,2,10275743.0,10275743.0,20551486,4000
Fareham and Waterlooville,2,5258500.0,5258500.0,10517000,4000
Liverpool Garston,2,6785000.0,6785000.0,13570000,4000
Cardiff East,2,8276564.0,8276564.0,16553129,4000
Bangor Aberconwy,2,3000498.0,3000498.0,6000997,4000
Birmingham Hodge Hill and Solihull North,2,2850000.0,2850000.0,5700000,4000
Lowestoft,2,4889472.0,4889472.0,9778944,4000
Bolton West,2,7312500.0,7312500.0,14625000,4000
Halesowen,2,7752000.0,7752000.0,15504000,4000
Bolton North East,2,2687500.0,2687500.0,5375000,4000
Forest of Dean,2,8307938.0,8307938.0,16615876,4000
Merthyr Tydfil and Aberdare,2,2200000.0,2200000.0,4400000,4000
Bishop Auckland,2,8844096.0,8844096.0,17688191,4000
Erith and Thamesmead,2,7087500.0,7087500.0,14175000,4000
Grantham and Bourne,2,2720520.0,2720520.0,5441039,4000
Blyth and Ashington,2,3747952.0,3747952.0,7495904,4000
Blaydon and Consett,2,3329713.0,3329713.0,6659426,4000
Blackpool South,2,4048893.0,4048893.0,8097786,4000
Goole and Pocklington,2,2240000.0,2240000.0,4480000,4000
Harwich and North Essex,2,2723800.0,2723800.0,5447600,4000
The Wrekin,2,6950000.0,6950000.0,13900000,4000
Erewash,2,5360000.0,5360000.0,10720000,4000
Sherwood Forest,2,3062500.0,3062500.0,6125000,4000
Chorley,2,4127452.0,4127452.0,8254904,4000
Southend West and Leigh,2,2107500.0,2107500.0,4215000,4000
Ellesmere Port and Bromborough,2,12194000.0,12194000.0,24388000,4000
Clwyd East,2,5575000.0,5575000.0,11150000,4000
Rawmarsh and Conisbrough,2,16631250.0,16631250.0,33262500,4000
Colne Valley,2,3112500.0,3112500.0,6225000,4000
Coventry North West,2,10838240.0,10838240.0,21676479,4000
Plymouth Moor View,2,4359000.0,4359000.0,8718000,4000
Cramlington and Killingworth,2,16987500.0,16987500.0,33975000,4000
Penistone and Stocksbridge,2,2680000.0,2680000.0,5360000,4000
Croydon East,2,4275000.0,4275000.0,8550000,4000
South East Cornwall,2,3515000.0,3515000.0,7030000,4000
Caerphilly,2,4313420.0,4313420.0,8626839,4000
Calder Valley,2,3400000.0,3400000.0,6800000,4000
Brighton Kemptown and Peacehaven,2,3613250.0,3613250.0,7226500,4000
Norwich North,2,4440000.0,4440000.0,8880000,4000
Smethwick,2,19541928.0,19541928.0,39083857,4000
Northampton South,2,3105000.0,3105000.0,6210000,4000
Newton Abbot,2,2300500.0,2300500.0,4600999,4000
North East Somerset and Hanham,2,3172500.0,3172500.0,6345000,4000
Newton Aycliffe and Spennymoor,2,4013650.0,4013650.0,8027300,4000
Norwich South,2,2594594.0,2594594.0,5189187,4000
Eastleigh,2,3381520.0,3381520.0,6763040,4000
Kingston upon Hull East,1,24300000.0,24300000.0,24300000,2000
Ynys MÃ´n,1,2403813.0,2403813.0,2403813,2000
Wigan,1,3479078.0,3479078.0,3479078,2000
Bexleyheath and Crayford,1,2000000.0,2000000.0,2000000,2000
Beverley and Holderness,1,2700000.0,2700000.0,2700000,2000
Havant,1,5129608.0,5129608.0,5129608,2000
Leeds West and Pudsey,1,3375000.0,3375000.0,3375000,2000
Leeds South West and Morley,1,7300000.0,7300000.0,7300000,2000
Ceredigion Preseli,1,2750000.0,2750000.0,2750000,2000
Amber Valley,1,2520000.0,2520000.0,2520000,2000
Barnsley South,1,2150000.0,2150000.0,2150000,2000
Houghton and Sunderland South,1,3000000.0,3000000.0,3000000,2000
Ashton-under-Lyne,1,2225000.0,2225000.0,2225000,2000
Solihull West and Shirley,1,2200000.0,2200000.0,2200000,2000
Shipley,1,2100000.0,2100000.0,2100000,2000
Whitehaven and Workington,1,2486936.0,2486936.0,2486936,2000
Wolverhampton North East,1,2640000.0,2640000.0,2640000,2000
Selby,1,3406063.0,3406063.0,3406063,2000
South Shropshire,1,3000000.0,3000000.0,3000000,2000
Liverpool Walton,1,2178000.0,2178000.0,2178000,2000
Rotherham,1,6682500.0,6682500.0,6682500,2000
Gateshead Central and Whickham,1,17500000.0,17500000.0,17500000,2000
Bournemouth East,1,2550000.0,2550000.0,2550000,2000
Neath and Swansea East,1,6470000.0,6470000.0,6470000,2000
North Durham,1,2110000.0,2110000.0,2110000,2000
North East Derbyshire,1,2510254.0,2510254.0,2510254,2000
Dudley,1,2900000.0,2900000.0,2900000,2000
Bridgend,1,4047500.0,4047500.0,4047500,2000
Brigg and Immingham,1,5210134.0,5210134.0,5210134,2000
Blaenau Gwent and Rhymney,1,4000000.0,4000000.0,4000000,2000
Old Bexley and Sidcup,1,2300000.0,2300000.0,2300000,2000
Stockton West,1,2000000.0,2000000.0,2000000,2000
Gedling,1,7049489.0,7049489.0,7049489,2000
South West Devon,1,2640000.0,2640000.0,2640000,2000
Stockton North,1,4850000.0,4850000.0,4850000,2000
Wallasey,1,2640000.0,2640000.0,2640000,2000
Great Yarmouth,1,4900000.0,4900000.0,4900000,2000
Birmingham Yardley,1,2800000.0,2800000.0,2800000,2000
Liverpool Wavertree,1,11851287.0,11851287.0,11851287,2000
West Bromwich,1,15650376.0,15650376.0,15650376,2000
Redcar,1,4475000.0,4475000.0,4475000,2000
Birmingham Hall Green and Moseley,1,2150000.0,2150000.0,2150000,2000
City of Durham,1,3000000.0,3000000.0,3000000,2000
Rhondda and Ogmore,1,2996046.0,2996046.0,2996046,2000
Cannock Chase,1,3500000.0,3500000.0,3500000,2000
